file_name,formula,energy,bandgap,type,space_group_symbol,space_group_number,num_atoms
TiO2_id4862_Final_E-9.31.cif,TiO2,-9.3058,0.867,Semiconductor,Pbca,61,24
Ti4Zn(NO)2_id2662_Final_E-8.31.cif,Ti4Zn(NO)2,-8.3061,0.248,Semiconductor,P2_1/c,14,36
Sc2BO2_id259_Final_E-8.02.cif,Sc2BO2,-8.024,2.739,Semiconductor,P4/mnc,128,20
Sc2Al2O5_id1876_Final_E-7.98.cif,Sc2Al2O5,-7.9793,3.158,Semiconductor,P2_1,4,18
SrN6_id4290_Final_E-7.88.cif,SrN6,-7.8795,0.961,Semiconductor,P6_322,182,14
Ca(C3N4)2_id4891_Final_E-7.87.cif,Ca(C3N4)2,-7.8748,1.464,Semiconductor,P2_1,4,30
Sc7(TeO2)2_id4_Final_E-7.81.cif,Sc7(TeO2)2,-7.8149,1.338,Semiconductor,P2_1/c,14,26
Sc3GeN_id1303_Final_E-7.75.cif,Sc3GeN,-7.7524,0.252,Semiconductor,Pm-3m,221,5
Sc4S2N3O8_id310_Final_E-7.65.cif,Sc4S2N3O8,-7.6511,2.657,Semiconductor,R3m,160,51
Sc2O5_id3409_Final_E-7.64.cif,Sc2O5,-7.6405,1.2,Semiconductor,Pbam,55,14
TiSiN2_id2860_Final_E-7.64.cif,TiSiN2,-7.64,0.88,Semiconductor,Fm-3m,225,16
B3AsPO7_id4789_Final_E-7.60.cif,B3AsPO7,-7.597,1.548,Semiconductor,P1,1,24
CaN4_id750_Final_E-7.58.cif,CaN4,-7.5753,3.404,Semiconductor,R-3,148,45
C13Se2_id2934_Final_E-7.53.cif,C13Se2,-7.5319,1.012,Semiconductor,C2/c,15,60
BCN3_id444_Final_E-7.51.cif,BCN3,-7.5131,2.161,Semiconductor,Pnma,62,20
CaSi2CN8_id1884_Final_E-7.48.cif,CaSi2CN8,-7.4812,1.105,Semiconductor,Pban,50,24
Ti3S4(NO2)3_id1192_Final_E-7.38.cif,Ti3S4(NO2)3,-7.3812,2.304,Semiconductor,P1,1,48
Sc2Be2O3_id2671_Final_E-7.37.cif,Sc2Be2O3,-7.3732,3.243,Semiconductor,P321,150,21
TiZnO3_id4365_Final_E-7.37.cif,TiZnO3,-7.371,1.249,Semiconductor,Cc,9,20
Sc3P(SN3)3_id1950_Final_E-7.36.cif,Sc3P(SN3)3,-7.3639,1.931,Semiconductor,P1,1,48
Li2PC11N_id3695_Final_E-7.24.cif,Li2PC11N,-7.2425,0.134,Semiconductor,P2/c,13,60
Ti2ZnO4_id2472_Final_E-7.24.cif,Ti2ZnO4,-7.2408,0.484,Semiconductor,Ccce,68,28
NaTi2InO4_id4265_Final_E-7.24.cif,NaTi2InO4,-7.2408,1.262,Semiconductor,I-42d,122,32
Al2Sn4B4N17_id4309_Final_E-7.21.cif,Al2Sn4B4N17,-7.213,1.643,Semiconductor,P1,1,54
Ca2N7_id4515_Final_E-7.19.cif,Ca2N7,-7.1889,0.839,Semiconductor,P-1,2,18
Mg3Sc3SnO12_id2636_Final_E-7.18.cif,Mg3Sc3SnO12,-7.1823,1.857,Semiconductor,P1,1,19
P3C(N3O)3_id4979_Final_E-7.17.cif,P3C(N3O)3,-7.1651,1.137,Semiconductor,P6_3,173,32
B2P2CN2_id696_Final_E-7.02.cif,B2P2CN2,-7.0199,0.214,Semiconductor,Pbcn,60,28
KTi3ZnTeO12_id2750_Final_E-6.98.cif,KTi3ZnTeO12,-6.9811,1.568,Semiconductor,P-3,147,36
Li(BO)6_id4501_Final_E-6.97.cif,Li(BO)6,-6.9747,2.577,Semiconductor,P6_322,182,26
K4Ti4BeBN12_id725_Final_E-6.95.cif,K4Ti4BeBN12,-6.955,1.442,Semiconductor,P-1,2,44
NaCaTi(NO)2_id498_Final_E-6.91.cif,NaCaTi(NO)2,-6.9117,1.442,Semiconductor,Pc,7,28
BaCaGa2N11_id75_Final_E-6.88.cif,BaCaGa2N11,-6.8842,2.32,Semiconductor,P1,1,15
TiAlCdO6_id371_Final_E-6.88.cif,TiAlCdO6,-6.8789,1.726,Semiconductor,P-31c,163,18
SiO3_id2631_Final_E-6.85.cif,SiO3,-6.8517,1.585,Semiconductor,P1,1,32
SrN4_id1397_Final_E-6.79.cif,SrN4,-6.7871,1.797,Semiconductor,I4_1/a,88,20
C(NO2)3_id284_Final_E-6.79.cif,C(NO2)3,-6.7869,1.785,Semiconductor,P1,1,30
LiTi4As(SO)3_id3251_Final_E-6.74.cif,LiTi4As(SO)3,-6.7439,0.629,Semiconductor,P-6m2,187,12
BaN2_id4315_Final_E-6.74.cif,BaN2,-6.7398,2.075,Semiconductor,P6/mmm,191,9
BaLi3MgTiSi2N6O7_id4537_Final_E-6.64.cif,BaLi3MgTiSi2N6O7,-6.639,1.494,Semiconductor,Pc,7,42
BaLi2Ca2Ge2P2O11_id3318_Final_E-6.62.cif,BaLi2Ca2Ge2P2O11,-6.6215,2.738,Semiconductor,P1,1,20
Si2PO2_id2278_Final_E-6.62.cif,Si2PO2,-6.6164,0.171,Semiconductor,P1,1,20
Ti2GaO_id2076_Final_E-6.61.cif,Ti2GaO,-6.6074,0.457,Semiconductor,Pmmn,59,8
PO_id3068_Final_E-6.60.cif,PO,-6.597,1.816,Semiconductor,P1,1,16
P4CS2N5_id2216_Final_E-6.59.cif,P4CS2N5,-6.586,2.19,Semiconductor,P1,1,48
AlGaO2_id25_Final_E-6.58.cif,AlGaO2,-6.5831,3.023,Semiconductor,Pca2_1,29,16
LiCaSb(P2O9)2_id1283_Final_E-6.58.cif,LiCaSb(P2O9)2,-6.5762,0.128,Semiconductor,I222,23,50
Ca2Sc2Cd2SO9_id3630_Final_E-6.57.cif,Ca2Sc2Cd2SO9,-6.5718,2.274,Semiconductor,P1,1,32
Ba2GeC2SN3O4_id4838_Final_E-6.57.cif,Ba2GeC2SN3O4,-6.5717,2.085,Semiconductor,P1,1,13
Ti3O16_id2089_Final_E-6.57.cif,Ti3O16,-6.5679,1.074,Semiconductor,P2,3,19
N5O3_id2931_Final_E-6.57.cif,N5O3,-6.5664,0.345,Semiconductor,C2/c,15,32
Sr3CaN12_id2867_Final_E-6.54.cif,Sr3CaN12,-6.5406,1.416,Semiconductor,Cmc2_1,36,32
Ba2NaSn(NO)4_id1374_Final_E-6.48.cif,Ba2NaSn(NO)4,-6.4808,1.068,Semiconductor,I-42d,122,48
Mg3Sc8C5_id4479_Final_E-6.46.cif,Mg3Sc8C5,-6.4613,0.977,Semiconductor,P-1,2,32
ScAsS2N_id4570_Final_E-6.44.cif,ScAsS2N,-6.4448,1.915,Semiconductor,Pca2_1,29,20
Te(NO)3_id1634_Final_E-6.44.cif,Te(NO)3,-6.4419,1.79,Semiconductor,P6_4,172,21
CdN3_id1780_Final_E-6.42.cif,CdN3,-6.4229,0.555,Semiconductor,R-3,148,24
KTi2BP2_id1890_Final_E-6.42.cif,KTi2BP2,-6.4188,0.634,Semiconductor,P-1,2,12
As2O3_id4736_Final_E-6.40.cif,As2O3,-6.4006,2.101,Semiconductor,Pccn,56,20
K2Sc2GaO8_id934_Final_E-6.36.cif,K2Sc2GaO8,-6.3582,2.784,Semiconductor,P-1,2,52
MgSiO2_id621_Final_E-6.33.cif,MgSiO2,-6.3263,0.674,Semiconductor,I4_122,98,16
Sb2O5_id1692_Final_E-6.30.cif,Sb2O5,-6.3045,2.096,Semiconductor,P1,1,14
KNa2Ca2TiO6_id2008_Final_E-6.29.cif,KNa2Ca2TiO6,-6.2851,2.046,Semiconductor,P-1,2,24
N3O_id4098_Final_E-6.28.cif,N3O,-6.2817,2.062,Semiconductor,R-3c,167,24
Ba(SbO2)2_id3423_Final_E-6.28.cif,Ba(SbO2)2,-6.2781,1.361,Semiconductor,Pnnm,58,14
BaCa(SO2)4_id1494_Final_E-6.27.cif,BaCa(SO2)4,-6.2669,0.58,Semiconductor,P4/nbm,125,28
Sr2LiSb(N2O3)2_id2444_Final_E-6.24.cif,Sr2LiSb(N2O3)2,-6.2449,1.482,Semiconductor,P1,1,56
BaMgGeO3_id3446_Final_E-6.23.cif,BaMgGeO3,-6.2263,1.792,Semiconductor,Cm,8,12
Li2TiSi2BO15_id1764_Final_E-6.19.cif,Li2TiSi2BO15,-6.1939,0.128,Semiconductor,Pc,7,42
Ba2Sr2LiP2S2(N2O3)2_id4751_Final_E-6.19.cif,Ba2Sr2LiP2S2(N2O3)2,-6.1938,2.26,Semiconductor,P3_121,152,57
Li2Ga2Si3(SO3)2_id1380_Final_E-6.19.cif,Li2Ga2Si3(SO3)2,-6.1932,2.017,Semiconductor,P1,1,30
CdInC6_id983_Final_E-6.18.cif,CdInC6,-6.1822,0.618,Semiconductor,P1,1,24
Ga6C(N2O)3_id1609_Final_E-6.18.cif,Ga6C(N2O)3,-6.1821,0.401,Semiconductor,P1,1,48
Ti5O8_id3201_Final_E-6.15.cif,Ti5O8,-6.1459,1.103,Semiconductor,P4_2/n,86,26
KMg2Be6InGa6(GeO9)2_id799_Final_E-6.11.cif,KMg2Be6InGa6(GeO9)2,-6.1103,1.707,Semiconductor,P321,150,36
Ti(GaN)4_id2504_Final_E-6.11.cif,Ti(GaN)4,-6.1081,0.794,Semiconductor,Ccce,68,36
TiGeSbS2O_id4885_Final_E-6.11.cif,TiGeSbS2O,-6.1064,1.256,Semiconductor,C2,5,36
SbO2_id4593_Final_E-6.09.cif,SbO2,-6.0928,1.404,Semiconductor,Pa-3,205,12
KCaSb2O5_id3777_Final_E-6.09.cif,KCaSb2O5,-6.0873,1.208,Semiconductor,P1,1,9
Mg(SnO2)2_id1968_Final_E-6.08.cif,Mg(SnO2)2,-6.0844,1.738,Semiconductor,P4_2/mcm,132,14
K2Na(BO)6_id3717_Final_E-6.07.cif,K2Na(BO)6,-6.0708,2.658,Semiconductor,P6_322,182,30
NaTiO6_id4392_Final_E-6.05.cif,NaTiO6,-6.0531,3.289,Semiconductor,P-31c,163,16
Ca4N4O_id4294_Final_E-6.01.cif,Ca4N4O,-6.0063,1.69,Semiconductor,P1,1,18
Li2SiBN2_id1965_Final_E-5.99.cif,Li2SiBN2,-5.9938,0.159,Semiconductor,Pc,7,24
SrGaSiPN4O13_id802_Final_E-5.99.cif,SrGaSiPN4O13,-5.9929,1.586,Semiconductor,P2_1,4,42
CdSiN2_id1027_Final_E-5.98.cif,CdSiN2,-5.9793,0.712,Semiconductor,I4_122,98,16
LiAsO2_id4455_Final_E-5.98.cif,LiAsO2,-5.9768,1.823,Semiconductor,P1,1,16
BaPO8_id170_Final_E-5.92.cif,BaPO8,-5.9234,0.485,Semiconductor,P2,3,20
Ti2CdInO2_id4665_Final_E-5.92.cif,Ti2CdInO2,-5.9159,0.351,Semiconductor,P4_12_12,92,24
Mg4O5_id2589_Final_E-5.91.cif,Mg4O5,-5.9101,3.239,Semiconductor,P1,1,18
KTiGeSbAsP(SO2)3_id539_Final_E-5.90.cif,KTiGeSbAsP(SO2)3,-5.9009,1.594,Semiconductor,P3_1,144,45
LiGeO2_id3753_Final_E-5.90.cif,LiGeO2,-5.8963,2.821,Semiconductor,I4_122,98,16
KGa4(AsO4)3_id3117_Final_E-5.90.cif,KGa4(AsO4)3,-5.8955,1.925,Semiconductor,P1,1,40
Si2B9_id4616_Final_E-5.88.cif,Si2B9,-5.8803,0.166,Semiconductor,P4bm,100,44
BaLi2TiSO7_id4094_Final_E-5.88.cif,BaLi2TiSO7,-5.8768,2.297,Semiconductor,P-1,2,24
K2SrS2(NO2)2_id1394_Final_E-5.87.cif,K2SrS2(NO2)2,-5.872,1.939,Semiconductor,P1,1,11
SrCaO4_id1701_Final_E-5.87.cif,SrCaO4,-5.8701,1.954,Semiconductor,Pban,50,12
SrGa2GeO4_id1678_Final_E-5.86.cif,SrGa2GeO4,-5.8626,0.503,Semiconductor,I222,23,16
Sc2Be6Al6In3N5O6_id2530_Final_E-5.86.cif,Sc2Be6Al6In3N5O6,-5.8623,2.598,Semiconductor,P6,168,28
As2NO_id2676_Final_E-5.86.cif,As2NO,-5.8589,1.709,Semiconductor,Pca2_1,29,16
BaO2_id2462_Final_E-5.86.cif,BaO2,-5.8576,1.78,Semiconductor,P1,1,9
Ba2GeS3O5_id1301_Final_E-5.86.cif,Ba2GeS3O5,-5.856,2.895,Semiconductor,P2_1/c,14,44
Sr3O4_id3928_Final_E-5.85.cif,Sr3O4,-5.847,2.418,Semiconductor,P6_3,173,14
SbPSe2S2(NO2)3_id2648_Final_E-5.85.cif,SbPSe2S2(NO2)3,-5.8469,2.299,Semiconductor,P2/c,13,60
SrLi(AsO4)2_id1625_Final_E-5.81.cif,SrLi(AsO4)2,-5.8083,0.923,Semiconductor,P1,1,12
LiAlSO_id2381_Final_E-5.80.cif,LiAlSO,-5.8019,2.755,Semiconductor,Pc,7,16
ScO6_id4241_Final_E-5.80.cif,ScO6,-5.7995,2.886,Semiconductor,P1,1,21
Ca2O5_id3224_Final_E-5.79.cif,Ca2O5,-5.7893,2.562,Semiconductor,Pccn,56,28
ScS4_id3820_Final_E-5.79.cif,ScS4,-5.7874,1.677,Semiconductor,Pcca,54,20
KZnSiO3_id3574_Final_E-5.78.cif,KZnSiO3,-5.7848,3.461,Semiconductor,P1,1,18
LiTiS2_id4743_Final_E-5.77.cif,LiTiS2,-5.7718,1.269,Semiconductor,I-42d,122,32
BePSeN_id3152_Final_E-5.76.cif,BePSeN,-5.7617,1.677,Semiconductor,Pca2_1,29,16
NaAl(SO2)2_id2010_Final_E-5.75.cif,NaAl(SO2)2,-5.7522,3.165,Semiconductor,P1,1,32
Si2GeAs2(PO)2_id3149_Final_E-5.75.cif,Si2GeAs2(PO)2,-5.7517,0.089,Semiconductor,P4_2mc,105,18
TiO7_id2386_Final_E-5.75.cif,TiO7,-5.7478,1.993,Semiconductor,P6_322,182,16
NaIn(SbO3)2_id2651_Final_E-5.74.cif,NaIn(SbO3)2,-5.7446,1.717,Semiconductor,P1,1,40
KB2SeSO_id4407_Final_E-5.74.cif,KB2SeSO,-5.7415,2.504,Semiconductor,Pca2_1,29,24
Li2Sb2O7_id1834_Final_E-5.74.cif,Li2Sb2O7,-5.7405,2.002,Semiconductor,Pc,7,22
BaTeN3_id2796_Final_E-5.74.cif,BaTeN3,-5.7379,1.327,Semiconductor,P-1,2,30
NaLiAsN2O5_id1181_Final_E-5.73.cif,NaLiAsN2O5,-5.7346,0.082,Semiconductor,P1,1,60
GaO_id3166_Final_E-5.73.cif,GaO,-5.7324,1.933,Semiconductor,Pbca,61,16
ScTiSn_id4898_Final_E-5.72.cif,ScTiSn,-5.7205,0.144,Semiconductor,P4/mmm,123,12
ScGa3O7_id707_Final_E-5.72.cif,ScGa3O7,-5.716,1.329,Semiconductor,Pm-3n,223,22
Ba2Li4N4O3_id1086_Final_E-5.71.cif,Ba2Li4N4O3,-5.7056,0.199,Semiconductor,P1,1,52
KMg2GaO4_id3159_Final_E-5.70.cif,KMg2GaO4,-5.7016,2.865,Semiconductor,Ccc2,37,16
Sr2N2O_id4096_Final_E-5.68.cif,Sr2N2O,-5.6809,0.816,Semiconductor,Aea2,41,40
Mg(TeO2)4_id484_Final_E-5.67.cif,Mg(TeO2)4,-5.669,2.098,Semiconductor,C2/c,15,52
BaN2O_id2286_Final_E-5.67.cif,BaN2O,-5.6676,0.512,Semiconductor,I4_122,98,16
Li3Ca6NO6_id3236_Final_E-5.66.cif,Li3Ca6NO6,-5.6575,0.294,Semiconductor,P1,1,48
BS2_id1789_Final_E-5.65.cif,BS2,-5.6469,2.007,Semiconductor,Pbca,61,24
InGaSnO3_id3167_Final_E-5.64.cif,InGaSnO3,-5.6444,1.021,Semiconductor,P1,1,6
AlGaN2_id1998_Final_E-5.64.cif,AlGaN2,-5.6429,0.119,Semiconductor,Fm-3m,225,16
NaGeO2_id3961_Final_E-5.64.cif,NaGeO2,-5.6394,1.84,Semiconductor,I4_122,98,16
NaGeO2_id4834_Final_E-5.64.cif,NaGeO2,-5.6394,1.84,Semiconductor,I4_122,98,16
SrScO12_id1681_Final_E-5.63.cif,SrScO12,-5.6306,1.06,Semiconductor,P-31c,163,28
ScAl2SO3_id3752_Final_E-5.63.cif,ScAl2SO3,-5.6274,2.574,Semiconductor,P4mm,99,14
BaCaO4_id939_Final_E-5.63.cif,BaCaO4,-5.6251,3.227,Semiconductor,Pban,50,12
Ge(SbN)2_id86_Final_E-5.62.cif,Ge(SbN)2,-5.6236,0.148,Semiconductor,P4_12_12,92,20
Ca2Te2As2N7_id2656_Final_E-5.62.cif,Ca2Te2As2N7,-5.6233,1.084,Semiconductor,C2/c,15,52
NaCa3Zn2O6_id602_Final_E-5.62.cif,NaCa3Zn2O6,-5.6158,2.281,Semiconductor,P1,1,24
Zn(GaO2)2_id903_Final_E-5.61.cif,Zn(GaO2)2,-5.6051,0.91,Semiconductor,P4_2/nnm,134,14
BaCaO4_id3765_Final_E-5.60.cif,BaCaO4,-5.6043,0.251,Semiconductor,P4/nbm,125,12
TiGa3N3O4_id834_Final_E-5.60.cif,TiGa3N3O4,-5.6042,0.109,Semiconductor,Pm-3n,223,22
Li2Ge2O3_id717_Final_E-5.59.cif,Li2Ge2O3,-5.5853,1.307,Semiconductor,Pbcn,60,28
ZnGa3Ge2O15_id324_Final_E-5.57.cif,ZnGa3Ge2O15,-5.5723,2.159,Semiconductor,P1,1,21
Li2MgTiZn2C(NO)2_id2397_Final_E-5.57.cif,Li2MgTiZn2C(NO)2,-5.5673,1.208,Semiconductor,P1,1,11
LiSiCS3O_id2311_Final_E-5.55.cif,LiSiCS3O,-5.5467,2.051,Semiconductor,P6_4,172,42
K2Ba2In3SbP2(SeO3)4_id3150_Final_E-5.54.cif,K2Ba2In3SbP2(SeO3)4,-5.5431,1.21,Semiconductor,P-1,2,26
BeSiSnSN_id812_Final_E-5.54.cif,BeSiSnSN,-5.5355,0.096,Semiconductor,Pnma,62,20
BeSiGeAsPO16_id629_Final_E-5.53.cif,BeSiGeAsPO16,-5.5299,1.32,Semiconductor,Pc,7,42
Cd(GaO2)6_id2165_Final_E-5.53.cif,Cd(GaO2)6,-5.5292,2.112,Semiconductor,Im-3,204,38
Li3Zn(GaO3)2_id565_Final_E-5.52.cif,Li3Zn(GaO3)2,-5.5192,2.473,Semiconductor,P1,1,24
BeSbN_id4826_Final_E-5.51.cif,BeSbN,-5.5117,2.177,Semiconductor,P6_222,180,9
Sn2Se2SO5_id112_Final_E-5.49.cif,Sn2Se2SO5,-5.49,1.124,Semiconductor,Pc,7,40
SiGeN2_id4702_Final_E-5.48.cif,SiGeN2,-5.4847,1.691,Semiconductor,I4_122,98,16
SiO7_id714_Final_E-5.48.cif,SiO7,-5.4782,0.72,Semiconductor,P1,1,32
K2Ti2Si2B4N5O_id4060_Final_E-5.47.cif,K2Ti2Si2B4N5O,-5.4707,1.281,Semiconductor,P-1,2,32
BaNa(AsO4)2_id3204_Final_E-5.46.cif,BaNa(AsO4)2,-5.4605,1.33,Semiconductor,P-1,2,12
Na3Li2ScZn2Si2Sn2(SeO13)2_id1889_Final_E-5.46.cif,Na3Li2ScZn2Si2Sn2(SeO13)2,-5.4593,2.844,Semiconductor,P1,1,40
LiBeZnO2_id2357_Final_E-5.46.cif,LiBeZnO2,-5.4587,2.906,Semiconductor,C2/c,15,40
LiPO10_id738_Final_E-5.45.cif,LiPO10,-5.4542,0.908,Semiconductor,C2,5,36
Mg3Ga(NO)2_id4087_Final_E-5.45.cif,Mg3Ga(NO)2,-5.4463,1.312,Semiconductor,C2/m,12,16
Li5TiB4As4(S2O)2_id1472_Final_E-5.44.cif,Li5TiB4As4(S2O)2,-5.4441,0.595,Semiconductor,P1,1,20
Ba3Sr4(TeO3)2_id4092_Final_E-5.43.cif,Ba3Sr4(TeO3)2,-5.4288,1.179,Semiconductor,P2_1/c,14,30
BaInO6_id2991_Final_E-5.43.cif,BaInO6,-5.4254,1.601,Semiconductor,P6_322,182,16
ScSe3_id1666_Final_E-5.42.cif,ScSe3,-5.4207,0.97,Semiconductor,P1,1,16
LiSi(AsO)2_id1580_Final_E-5.42.cif,LiSi(AsO)2,-5.4198,1.592,Semiconductor,P1,1,24
LiSi4(GeO)2_id295_Final_E-5.42.cif,LiSi4(GeO)2,-5.415,0.526,Semiconductor,P4_32_12,96,36
Li4GaAsNO12_id584_Final_E-5.41.cif,Li4GaAsNO12,-5.4089,3.185,Semiconductor,P1,1,38
KLiN4O15_id528_Final_E-5.40.cif,KLiN4O15,-5.3989,1.979,Semiconductor,P2_1,4,42
CdSbO4_id1945_Final_E-5.38.cif,CdSbO4,-5.3834,2.363,Semiconductor,Pban,50,12
Na2Ca3NO6_id103_Final_E-5.38.cif,Na2Ca3NO6,-5.3831,2.34,Semiconductor,P2,3,12
NaBe(GaO2)2_id1378_Final_E-5.38.cif,NaBe(GaO2)2,-5.3795,1.202,Semiconductor,C222,21,24
SrInO6_id2700_Final_E-5.38.cif,SrInO6,-5.3785,1.997,Semiconductor,P6_322,182,16
K2SbO3_id3060_Final_E-5.37.cif,K2SbO3,-5.3666,0.394,Semiconductor,P1,1,12
CaGa3O7_id4674_Final_E-5.36.cif,CaGa3O7,-5.3577,1.354,Semiconductor,Pm-3n,223,22
Ba2O3_id1987_Final_E-5.35.cif,Ba2O3,-5.3526,1.783,Semiconductor,P6_522,179,30
Li4Be3N4_id519_Final_E-5.35.cif,Li4Be3N4,-5.348,2.815,Semiconductor,I-42d,122,44
In(TeO2)4_id1744_Final_E-5.34.cif,In(TeO2)4,-5.3406,1.632,Semiconductor,P-42_1c,114,26
KLi2BSbTeO15_id4617_Final_E-5.33.cif,KLi2BSbTeO15,-5.3335,0.672,Semiconductor,Pc,7,42
NaScO6_id2055_Final_E-5.33.cif,NaScO6,-5.3303,0.483,Semiconductor,P-31c,163,16
Na(TeO2)2_id3073_Final_E-5.32.cif,Na(TeO2)2,-5.3233,1.766,Semiconductor,Pm,6,7
K2ScCd3(NO2)3_id3908_Final_E-5.32.cif,K2ScCd3(NO2)3,-5.3159,2.414,Semiconductor,C2/c,15,60
BaS_id3668_Final_E-5.31.cif,BaS,-5.3092,0.252,Semiconductor,Fm-3m,225,8
Li(SiS2)2_id2623_Final_E-5.29.cif,Li(SiS2)2,-5.2944,2.266,Semiconductor,P-42m,111,7
Li2CaPO2_id3414_Final_E-5.29.cif,Li2CaPO2,-5.2919,2.83,Semiconductor,Cmcm,63,24
In3SbO4_id2594_Final_E-5.29.cif,In3SbO4,-5.2919,1.715,Semiconductor,P4_2/m,84,16
TiIn3O3_id3748_Final_E-5.28.cif,TiIn3O3,-5.2801,0.254,Semiconductor,Pm-3n,223,14
BeAl(GaO3)2_id3292_Final_E-5.28.cif,BeAl(GaO3)2,-5.2796,2.756,Semiconductor,P-42c,112,40
NaLi4Ca2(PO8)2_id3215_Final_E-5.28.cif,NaLi4Ca2(PO8)2,-5.2773,1.756,Semiconductor,Pnn2,34,50
Li8Si2S2NO8_id1920_Final_E-5.27.cif,Li8Si2S2NO8,-5.2736,1.794,Semiconductor,P2_1,4,42
SiGeP9_id1205_Final_E-5.27.cif,SiGeP9,-5.2672,1.282,Semiconductor,C222_1,20,44
TiZnGa2(SO)4_id4774_Final_E-5.26.cif,TiZnGa2(SO)4,-5.2562,1.159,Semiconductor,P-42c,112,24
MgBe3ZnS3N3O_id3340_Final_E-5.26.cif,MgBe3ZnS3N3O,-5.2555,2.212,Semiconductor,P2_13,198,48
Li11(NO2)4_id2821_Final_E-5.26.cif,Li11(NO2)4,-5.2553,2.08,Semiconductor,P1,1,46
Ca2N3O_id4083_Final_E-5.26.cif,Ca2N3O,-5.255,2.794,Semiconductor,C2,5,18
AlSnO_id1395_Final_E-5.25.cif,AlSnO,-5.2545,1.514,Semiconductor,C222_1,20,24
In2Ge2Se(SO3)2_id1518_Final_E-5.25.cif,In2Ge2Se(SO3)2,-5.2535,1.656,Semiconductor,P-1,2,13
TiSbO23_id1546_Final_E-5.25.cif,TiSbO23,-5.2483,0.99,Semiconductor,P1,1,50
Mg8Ga4N9_id2302_Final_E-5.24.cif,Mg8Ga4N9,-5.2376,1.411,Semiconductor,Cc,9,42
Mg(P3O)2_id3865_Final_E-5.24.cif,Mg(P3O)2,-5.2361,0.382,Semiconductor,Pmn2_1,31,18
Li2Mg2B6P3O2_id4378_Final_E-5.23.cif,Li2Mg2B6P3O2,-5.2343,1.443,Semiconductor,P1,1,45
LiMg2O6_id4967_Final_E-5.23.cif,LiMg2O6,-5.2325,2.498,Semiconductor,P-3c1,165,18
Si5S4_id2788_Final_E-5.23.cif,Si5S4,-5.2268,1.098,Semiconductor,C2/c,15,36
BaSr6GeO7_id2765_Final_E-5.23.cif,BaSr6GeO7,-5.2264,3.283,Semiconductor,P1,1,30
Li4TeAsO4_id2191_Final_E-5.22.cif,Li4TeAsO4,-5.2249,2.541,Semiconductor,Pnn2,34,20
InO_id4528_Final_E-5.22.cif,InO,-5.2248,0.254,Semiconductor,P4_2/ncm,138,8
Se2O3_id4600_Final_E-5.22.cif,Se2O3,-5.2243,1.32,Semiconductor,Pbcn,60,20
Li4SnGeAsO4_id1952_Final_E-5.22.cif,Li4SnGeAsO4,-5.2224,0.729,Semiconductor,P1,1,44
Zn2C2NO2_id2086_Final_E-5.22.cif,Zn2C2NO2,-5.2218,1.883,Semiconductor,P2_1/c,14,28
CaZn(P3O)2_id2792_Final_E-5.22.cif,CaZn(P3O)2,-5.2205,1.624,Semiconductor,P-1,2,30
NaLi2GaO4_id3701_Final_E-5.22.cif,NaLi2GaO4,-5.2203,2.806,Semiconductor,P1,1,32
As2O_id859_Final_E-5.21.cif,As2O,-5.2117,1.021,Semiconductor,Pbcn,60,12
SrSiP4_id16_Final_E-5.20.cif,SrSiP4,-5.1997,1.138,Semiconductor,I4_1/a,88,24
K2BeP(SeO)4_id2975_Final_E-5.20.cif,K2BeP(SeO)4,-5.1978,2.18,Semiconductor,I222,23,24
ZnSn2BO4_id335_Final_E-5.20.cif,ZnSn2BO4,-5.1974,1.241,Semiconductor,Pmmm,47,16
Li(SeN2)2_id4893_Final_E-5.20.cif,Li(SeN2)2,-5.1974,1.503,Semiconductor,Fd-3m,227,56
ScTeSe2_id3982_Final_E-5.20.cif,ScTeSe2,-5.1974,1.078,Semiconductor,Pc,7,16
Li3(SbO6)2_id1948_Final_E-5.19.cif,Li3(SbO6)2,-5.1936,1.183,Semiconductor,P6/mcc,192,34
TeS2O3_id1782_Final_E-5.19.cif,TeS2O3,-5.1897,0.904,Semiconductor,Aea2,41,24
BaNaCaO9_id3836_Final_E-5.19.cif,BaNaCaO9,-5.1873,0.06,Semiconductor,P-1,2,24
CaPN2_id2050_Final_E-5.19.cif,CaPN2,-5.186,2.13,Semiconductor,I4_122,98,16
K5In3(Se2O7)2_id895_Final_E-5.18.cif,K5In3(Se2O7)2,-5.1841,2.539,Semiconductor,P-1,2,26
GaBN2_id3536_Final_E-5.18.cif,GaBN2,-5.1816,1.56,Semiconductor,P1,1,16
AlPS_id3689_Final_E-5.18.cif,AlPS,-5.1788,1.492,Semiconductor,P1,1,12
AlSi3S4_id4990_Final_E-5.16.cif,AlSi3S4,-5.1633,2.055,Semiconductor,I-42m,121,16
Li6InGaO12_id2725_Final_E-5.16.cif,Li6InGaO12,-5.1615,2.574,Semiconductor,P1,1,40
NaLi3In3Ge3PO15_id524_Final_E-5.16.cif,NaLi3In3Ge3PO15,-5.1612,0.969,Semiconductor,P1,1,26
KCaBNO17_id2698_Final_E-5.15.cif,KCaBNO17,-5.1521,0.325,Semiconductor,Pc,7,42
SrZn2O4_id2433_Final_E-5.14.cif,SrZn2O4,-5.1405,2.022,Semiconductor,Fd-3m,227,56
Li6Ga6O13_id3125_Final_E-5.14.cif,Li6Ga6O13,-5.1384,0.066,Semiconductor,Pm-3,200,25
Ba(SeO)6_id914_Final_E-5.14.cif,Ba(SeO)6,-5.1379,0.858,Semiconductor,P-1,2,13
Si_id2894_Final_E-5.14.cif,Si,-5.1378,0.825,Semiconductor,I-42d,122,28
BaS2_id853_Final_E-5.13.cif,BaS2,-5.1266,1.842,Semiconductor,Pbca,61,24
K4GeO4_id4357_Final_E-5.12.cif,K4GeO4,-5.1171,2.492,Semiconductor,P-42_1c,114,18
MgGeAsO_id2352_Final_E-5.10.cif,MgGeAsO,-5.1043,0.628,Semiconductor,P2_1/c,14,32
Li2PNO14_id3111_Final_E-5.10.cif,Li2PNO14,-5.1001,1.145,Semiconductor,P2,3,36
BaSiS2_id3489_Final_E-5.10.cif,BaSiS2,-5.0984,1.814,Semiconductor,I4_1/amd,141,16
MgGeO2_id2199_Final_E-5.09.cif,MgGeO2,-5.0936,1.58,Semiconductor,I4_1/amd,141,16
LiBP5_id816_Final_E-5.09.cif,LiBP5,-5.0933,0.839,Semiconductor,Pc,7,14
KSrO8_id2022_Final_E-5.09.cif,KSrO8,-5.0921,1.312,Semiconductor,P4/nbm,125,20
Si_id1497_Final_E-5.09.cif,Si,-5.0893,1.18,Semiconductor,I4_1/a,88,20
S2O_id4409_Final_E-5.09.cif,S2O,-5.0865,2.049,Semiconductor,Pba2,32,24
SO3_id1865_Final_E-5.08.cif,SO3,-5.0847,1.52,Semiconductor,P1,1,24
P_id2096_Final_E-5.08.cif,P,-5.0796,1.745,Semiconductor,P-43n,218,24
ScTe2S3_id2026_Final_E-5.08.cif,ScTe2S3,-5.0782,0.492,Semiconductor,P4mm,99,6
ScSeS6_id2596_Final_E-5.08.cif,ScSeS6,-5.0778,1.215,Semiconductor,Cmc2_1,36,32
SnAsO_id1114_Final_E-5.08.cif,SnAsO,-5.0754,1.147,Semiconductor,P2_1,4,12
LiAsO4_id4673_Final_E-5.08.cif,LiAsO4,-5.0753,3.242,Semiconductor,P4_32_12,96,24
Sr2Li2Sb2O3_id2703_Final_E-5.07.cif,Sr2Li2Sb2O3,-5.0744,2.48,Semiconductor,P2/c,13,36
KSnO6_id240_Final_E-5.06.cif,KSnO6,-5.0632,1.081,Semiconductor,P-31c,163,16
KBaO4_id4245_Final_E-5.06.cif,KBaO4,-5.058,0.911,Semiconductor,P-1,2,24
Ca3In(S2O)3_id222_Final_E-5.04.cif,Ca3In(S2O)3,-5.0424,0.338,Semiconductor,P6_3/m,176,26
LiSiS2_id3483_Final_E-5.04.cif,LiSiS2,-5.0415,2.539,Semiconductor,I4/mcm,140,16
AlSiP2S_id685_Final_E-5.04.cif,AlSiP2S,-5.0382,1.685,Semiconductor,P4_32_12,96,40
KBaAsO4_id13_Final_E-5.04.cif,KBaAsO4,-5.0377,0.159,Semiconductor,P4/mmm,123,14
K2Sr4O19_id2781_Final_E-5.04.cif,K2Sr4O19,-5.0353,2.917,Semiconductor,P2,3,25
Ca2O15_id1734_Final_E-5.03.cif,Ca2O15,-5.0294,0.094,Semiconductor,P-1,2,34
K4Ti(SeO)2_id4403_Final_E-5.02.cif,K4Ti(SeO)2,-5.0162,1.47,Semiconductor,C2,5,27
KGeO7_id3015_Final_E-5.01.cif,KGeO7,-5.0146,1.418,Semiconductor,P1,1,27
B(AsO)12_id4886_Final_E-5.01.cif,B(AsO)12,-5.0102,1.453,Semiconductor,I432,211,50
LiIn(SeO2)2_id4675_Final_E-5.01.cif,LiIn(SeO2)2,-5.0072,0.829,Semiconductor,P1,1,16
SO5_id2280_Final_E-5.01.cif,SO5,-5.0067,1.624,Semiconductor,Cmc2_1,36,24
TiSe3S4_id4541_Final_E-5.00.cif,TiSe3S4,-5.002,0.537,Semiconductor,I4cm,108,32
KGa2AsO8_id4773_Final_E-5.00.cif,KGa2AsO8,-5.001,1.157,Semiconductor,P1,1,24
GeAsP3_id650_Final_E-4.99.cif,GeAsP3,-4.9884,0.229,Semiconductor,Pca2_1,29,20
KNaCaO6_id3504_Final_E-4.98.cif,KNaCaO6,-4.9834,1.575,Semiconductor,P-31c,163,18
Si_id3579_Final_E-4.98.cif,Si,-4.98,0.354,Semiconductor,P1,1,36
Sr2S3_id4354_Final_E-4.98.cif,Sr2S3,-4.9778,2.365,Semiconductor,I4/mmm,139,20
Na2Zn2Ge2O5_id1479_Final_E-4.97.cif,Na2Zn2Ge2O5,-4.9723,2.052,Semiconductor,Pbcn,60,44
K3NO3_id4233_Final_E-4.97.cif,K3NO3,-4.9666,1.258,Semiconductor,P6_3/m,176,14
Li5SnN4_id4174_Final_E-4.97.cif,Li5SnN4,-4.9661,3.486,Semiconductor,Ibam,72,40
TeAsO_id4822_Final_E-4.97.cif,TeAsO,-4.9653,0.526,Semiconductor,P3_221,154,9
LiSbAsSO_id4032_Final_E-4.96.cif,LiSbAsSO,-4.9644,0.344,Semiconductor,P1,1,10
Sr2GeSb(TeO)2_id3107_Final_E-4.96.cif,Sr2GeSb(TeO)2,-4.9639,0.925,Semiconductor,P3_221,154,24
SiO27_id2471_Final_E-4.96.cif,SiO27,-4.9638,1.219,Semiconductor,P1,1,28
NaLi6MgO12_id1369_Final_E-4.96.cif,NaLi6MgO12,-4.9624,2.047,Semiconductor,R-3,148,60
KMgGaO12_id1832_Final_E-4.96.cif,KMgGaO12,-4.9602,0.483,Semiconductor,C2,5,30
Sr2CSeO2_id3510_Final_E-4.96.cif,Sr2CSeO2,-4.9584,1.857,Semiconductor,C222,21,12
Li2TiGaP3_id4809_Final_E-4.96.cif,Li2TiGaP3,-4.9559,1.049,Semiconductor,P1,1,14
KLiAsO8_id4437_Final_E-4.95.cif,KLiAsO8,-4.953,2.602,Semiconductor,Pc,7,22
KSn(SO)4_id3065_Final_E-4.95.cif,KSn(SO)4,-4.9492,1.446,Semiconductor,P4/nbm,125,20
Na3Li2In8Sn3Se2(S2O9)2_id3431_Final_E-4.95.cif,Na3Li2In8Sn3Se2(S2O9)2,-4.9473,0.986,Semiconductor,P1,1,40
BaSnS2_id225_Final_E-4.95.cif,BaSnS2,-4.9467,0.911,Semiconductor,I4_122,98,16
MgGa2(SO)4_id1886_Final_E-4.94.cif,MgGa2(SO)4,-4.9445,2.317,Semiconductor,P1,1,11
BaSeO19_id2998_Final_E-4.94.cif,BaSeO19,-4.9404,1.203,Semiconductor,P1,1,21
InSnO10_id3778_Final_E-4.94.cif,InSnO10,-4.9377,3.13,Semiconductor,Fdd2,43,48
ZnSiPC_id2401_Final_E-4.94.cif,ZnSiPC,-4.9354,0.138,Semiconductor,C222_1,20,32
Na3Sr2Li2MgGa2(N2O3)2_id2232_Final_E-4.92.cif,Na3Sr2Li2MgGa2(N2O3)2,-4.9246,2.382,Semiconductor,C2,5,60
BS4_id4692_Final_E-4.92.cif,BS4,-4.9236,0.868,Semiconductor,P3_112,151,15
LiB2P_id4348_Final_E-4.92.cif,LiB2P,-4.9222,1.639,Semiconductor,I4_1/amd,141,16
Li11O16_id2982_Final_E-4.91.cif,Li11O16,-4.9064,3.085,Semiconductor,Pnn2,34,54
O2_id1393_Final_E-4.91.cif,O2,-4.9052,0.999,Semiconductor,Pbca,61,16
Ba2S3_id2773_Final_E-4.90.cif,Ba2S3,-4.9047,2.058,Semiconductor,Pn-3m,224,10
KBa2SnGe2SO2_id957_Final_E-4.90.cif,KBa2SnGe2SO2,-4.9036,1.125,Semiconductor,P1,1,36
O2_id3508_Final_E-4.90.cif,O2,-4.9008,0.979,Semiconductor,Pbca,61,16
SiAsP2S7_id1552_Final_E-4.90.cif,SiAsP2S7,-4.8994,1.767,Semiconductor,P1,1,11
TiTe4P4S5_id3966_Final_E-4.89.cif,TiTe4P4S5,-4.8939,1.001,Semiconductor,P1,1,28
NaZn(As3O2)2_id1805_Final_E-4.89.cif,NaZn(As3O2)2,-4.8902,1.231,Semiconductor,I4mm,107,24
K5(SeO2)4_id108_Final_E-4.89.cif,K5(SeO2)4,-4.8868,2.873,Semiconductor,P4_2/n,86,34
Be2Si4Ge2N_id1537_Final_E-4.89.cif,Be2Si4Ge2N,-4.8865,0.163,Semiconductor,Cc,9,36
Li2Be2Zn2O3_id3032_Final_E-4.88.cif,Li2Be2Zn2O3,-4.8829,1.031,Semiconductor,P-1,2,36
Li3Zn2O4_id401_Final_E-4.87.cif,Li3Zn2O4,-4.8683,2.209,Semiconductor,P2_12_12,18,18
LiGaO3_id734_Final_E-4.87.cif,LiGaO3,-4.868,2.562,Semiconductor,R32,155,30
Ba2AsPS2_id4185_Final_E-4.86.cif,Ba2AsPS2,-4.8626,1.013,Semiconductor,P1,1,6
O2_id2385_Final_E-4.86.cif,O2,-4.8602,1.169,Semiconductor,P1,1,24
LiTi2Be2ZnBAs2S5_id2543_Final_E-4.86.cif,LiTi2Be2ZnBAs2S5,-4.8592,1.241,Semiconductor,P2_1/m,11,28
KBe2CdSeO3_id3499_Final_E-4.85.cif,KBe2CdSeO3,-4.8512,2.234,Semiconductor,P-1,2,16
K2SiBS8_id2005_Final_E-4.85.cif,K2SiBS8,-4.8463,1.62,Semiconductor,I-42m,121,24
K4GaB(P2O3)2_id4434_Final_E-4.85.cif,K4GaB(P2O3)2,-4.8453,0.268,Semiconductor,P-1,2,32
CaZnO2_id3776_Final_E-4.84.cif,CaZnO2,-4.842,3.363,Semiconductor,I4_122,98,16
Ge2S3_id4543_Final_E-4.84.cif,Ge2S3,-4.8397,1.995,Semiconductor,Pccn,56,20
KSbO6_id3539_Final_E-4.83.cif,KSbO6,-4.83,2.707,Semiconductor,P6_322,182,16
NaZnGeSb2Te4(SeO4)4_id1071_Final_E-4.82.cif,NaZnGeSb2Te4(SeO4)4,-4.8238,1.406,Semiconductor,I222,23,58
KLiSe2O11_id4074_Final_E-4.82.cif,KLiSe2O11,-4.8216,1.005,Semiconductor,Pc,7,60
K3Sn3Te4As(SO2)4_id4427_Final_E-4.82.cif,K3Sn3Te4As(SO2)4,-4.8187,1.287,Semiconductor,P1,1,46
Zn2Sn2O3_id2893_Final_E-4.82.cif,Zn2Sn2O3,-4.818,1.154,Semiconductor,Pbcn,60,28
Na2As(PO2)2_id3112_Final_E-4.82.cif,Na2As(PO2)2,-4.8156,1.614,Semiconductor,P1,1,18
Li2O3_id654_Final_E-4.81.cif,Li2O3,-4.8148,2.511,Semiconductor,P1,1,20
Sc3(InSe6)2_id3603_Final_E-4.81.cif,Sc3(InSe6)2,-4.8114,0.315,Semiconductor,P-31c,163,34
KNaTi2Zn2O2_id1828_Final_E-4.81.cif,KNaTi2Zn2O2,-4.8098,0.457,Semiconductor,P-3m1,164,8
Ba2P2Se_id1026_Final_E-4.81.cif,Ba2P2Se,-4.8091,1.073,Semiconductor,P2/m,10,5
BaSiSn(SeS2)2_id1869_Final_E-4.81.cif,BaSiSn(SeS2)2,-4.8067,0.758,Semiconductor,P2_12_12,18,18
O2_id493_Final_E-4.80.cif,O2,-4.8049,1.044,Semiconductor,Pba2,32,30
SiAs5P3Se_id488_Final_E-4.80.cif,SiAs5P3Se,-4.8042,1.438,Semiconductor,Pca2_1,29,40
Li2ScTe3N_id130_Final_E-4.80.cif,Li2ScTe3N,-4.8012,1.065,Semiconductor,P2_1/m,11,14
K3Te4As(PO3)2_id778_Final_E-4.79.cif,K3Te4As(PO3)2,-4.7924,0.854,Semiconductor,P1,1,32
SnSbAs2P2SeS5N_id2317_Final_E-4.78.cif,SnSbAs2P2SeS5N,-4.7803,0.942,Semiconductor,P2/c,13,52
Se(SO)2_id169_Final_E-4.78.cif,Se(SO)2,-4.7761,2.888,Semiconductor,C2,5,15
BaSnO20_id3118_Final_E-4.77.cif,BaSnO20,-4.7712,2.911,Semiconductor,P-3,147,22
PS2_id3334_Final_E-4.77.cif,PS2,-4.7689,1.842,Semiconductor,Pbca,61,24
Li4GaO16_id1556_Final_E-4.77.cif,Li4GaO16,-4.7687,0.642,Semiconductor,P1,1,21
PSe_id548_Final_E-4.75.cif,PSe,-4.751,1.196,Semiconductor,Pbca,61,16
Li2As3P8_id3012_Final_E-4.75.cif,Li2As3P8,-4.7472,1.501,Semiconductor,Ccc2,37,52
K3Li2Cd2Ga3Sb6P6(SO2)6_id2784_Final_E-4.74.cif,K3Li2Cd2Ga3Sb6P6(SO2)6,-4.744,0.224,Semiconductor,P1,1,40
CdGaO16_id4451_Final_E-4.74.cif,CdGaO16,-4.7408,0.927,Semiconductor,Pban,50,36
K3Ga2SnB2(S2O)4_id4863_Final_E-4.74.cif,K3Ga2SnB2(S2O)4,-4.7404,1.827,Semiconductor,I222,23,40
Na2TeO5_id4710_Final_E-4.73.cif,Na2TeO5,-4.7308,1.727,Semiconductor,P31m,157,8
K6BaSrO14_id4562_Final_E-4.73.cif,K6BaSrO14,-4.7272,0.378,Semiconductor,P321,150,22
BaInS2_id4776_Final_E-4.73.cif,BaInS2,-4.7257,1.714,Semiconductor,R-3m,166,12
K4Mg3SbO6_id1849_Final_E-4.72.cif,K4Mg3SbO6,-4.7227,1.598,Semiconductor,Im-3m,229,28
Na2MgAlZn2Se2(SO5)2_id4897_Final_E-4.72.cif,Na2MgAlZn2Se2(SO5)2,-4.722,3.089,Semiconductor,P3_121,152,60
BP12_id2597_Final_E-4.71.cif,BP12,-4.7125,2.993,Semiconductor,I432,211,26
AlSi3Se3S_id453_Final_E-4.71.cif,AlSi3Se3S,-4.7112,0.067,Semiconductor,P6_3mc,186,16
SrInO8_id3994_Final_E-4.71.cif,SrInO8,-4.7073,1.384,Semiconductor,Fm-3m,225,40
BaO6_id2225_Final_E-4.71.cif,BaO6,-4.7068,3.165,Semiconductor,P6/mmm,191,7
GeO20_id1289_Final_E-4.70.cif,GeO20,-4.7017,0.671,Semiconductor,P2_1,4,42
NaAsO48_id1527_Final_E-4.70.cif,NaAsO48,-4.6973,0.855,Semiconductor,P-1,2,50
Sr4CdN4_id2157_Final_E-4.69.cif,Sr4CdN4,-4.6934,2.67,Semiconductor,P4_232,208,54
MgZn2O8_id1460_Final_E-4.68.cif,MgZn2O8,-4.6806,1.501,Semiconductor,P1,1,22
SrCaSiB3_id4424_Final_E-4.68.cif,SrCaSiB3,-4.6801,0.103,Semiconductor,C2,5,24
Zn3O4_id4005_Final_E-4.68.cif,Zn3O4,-4.6781,0.958,Semiconductor,P1,1,14
Ca3Se4_id3730_Final_E-4.68.cif,Ca3Se4,-4.6764,1.013,Semiconductor,I-43d,220,28
BaGaTeSO_id692_Final_E-4.68.cif,BaGaTeSO,-4.676,1.296,Semiconductor,P2_1,4,20
Ca3Se4_id2353_Final_E-4.68.cif,Ca3Se4,-4.6757,1.089,Semiconductor,I-43d,220,28
As5P3S5_id96_Final_E-4.67.cif,As5P3S5,-4.6705,0.124,Semiconductor,Pnn2,34,26
As2S_id2903_Final_E-4.67.cif,As2S,-4.6684,0.732,Semiconductor,Pbcn,60,12
Si3Se4_id4181_Final_E-4.66.cif,Si3Se4,-4.6603,1.75,Semiconductor,I-43d,220,28
KLiO19_id3814_Final_E-4.65.cif,KLiO19,-4.6532,0.103,Semiconductor,Pc,7,42
KGe3S3N_id3420_Final_E-4.65.cif,KGe3S3N,-4.6487,0.549,Semiconductor,P-1,2,16
MgSeO_id1044_Final_E-4.64.cif,MgSeO,-4.6443,2.091,Semiconductor,P4_2/ncm,138,12
LiCa4S11_id3494_Final_E-4.64.cif,LiCa4S11,-4.6397,1.896,Semiconductor,P1,1,48
GaP2_id3094_Final_E-4.64.cif,GaP2,-4.6362,0.456,Semiconductor,P4_122,91,12
O2_id2541_Final_E-4.63.cif,O2,-4.6334,2.765,Semiconductor,Pba2,32,42
ZnO_id3306_Final_E-4.63.cif,ZnO,-4.6326,0.635,Semiconductor,P4_2/ncm,138,8
KLiO6_id4768_Final_E-4.63.cif,KLiO6,-4.628,3.013,Semiconductor,P-1,2,16
BaMgS2_id4183_Final_E-4.62.cif,BaMgS2,-4.6222,2.155,Semiconductor,R-3m,166,12
NaLi6Te3P3(SN)3_id4452_Final_E-4.62.cif,NaLi6Te3P3(SN)3,-4.6214,1.345,Semiconductor,P31c,159,38
K4O17_id1166_Final_E-4.62.cif,K4O17,-4.6214,2.022,Semiconductor,Pc,7,42
O2_id2362_Final_E-4.62.cif,O2,-4.6204,1.049,Semiconductor,P2_1/c,14,20
O2_id2984_Final_E-4.62.cif,O2,-4.6188,1.083,Semiconductor,Aem2,39,40
KMg7Cd4O12_id3901_Final_E-4.61.cif,KMg7Cd4O12,-4.6057,1.944,Semiconductor,P1,1,24
NaGa3Sb4O9_id3532_Final_E-4.59.cif,NaGa3Sb4O9,-4.5923,1.889,Semiconductor,P6_3,173,34
AlInSi8_id1733_Final_E-4.59.cif,AlInSi8,-4.5892,0.712,Semiconductor,P1,1,20
MgCdO4_id3019_Final_E-4.59.cif,MgCdO4,-4.5886,0.128,Semiconductor,I4_1/a,88,24
Li2CdO4_id1616_Final_E-4.59.cif,Li2CdO4,-4.5858,1.178,Semiconductor,P-1,2,14
ZnSbAsS2O_id4957_Final_E-4.58.cif,ZnSbAsS2O,-4.5824,1.229,Semiconductor,Pca2_1,29,24
LiMgInNO_id1372_Final_E-4.58.cif,LiMgInNO,-4.5787,0.198,Semiconductor,Pca2_1,29,20
Mg2O19_id3661_Final_E-4.58.cif,Mg2O19,-4.5774,0.811,Semiconductor,Pc,7,42
O2_id2346_Final_E-4.57.cif,O2,-4.5746,1.095,Semiconductor,P2_1,4,42
KNaGeSe2(SO)2_id4996_Final_E-4.57.cif,KNaGeSe2(SO)2,-4.5742,1.545,Semiconductor,P3_221,154,27
BSb_id3324_Final_E-4.57.cif,BSb,-4.5732,0.184,Semiconductor,P1,1,48
MgAlZnSi2Te2(S2O)2_id1729_Final_E-4.57.cif,MgAlZnSi2Te2(S2O)2,-4.5674,1.009,Semiconductor,P3_221,154,39
KGaAsSO_id2983_Final_E-4.56.cif,KGaAsSO,-4.5601,1.885,Semiconductor,Pcc2,27,20
Ca3O8_id981_Final_E-4.56.cif,Ca3O8,-4.5598,0.053,Semiconductor,Pm-3m,221,44
Ba2LiIn(SnO2)2_id4045_Final_E-4.55.cif,Ba2LiIn(SnO2)2,-4.553,1.166,Semiconductor,C2/c,15,40
LiZn4NO4_id4277_Final_E-4.55.cif,LiZn4NO4,-4.5497,1.352,Semiconductor,I4_1/a,88,40
AlInSiGe2AsSe2S13_id486_Final_E-4.55.cif,AlInSiGe2AsSe2S13,-4.5481,1.074,Semiconductor,P2_1,4,42
B(TeO3)2_id2838_Final_E-4.55.cif,B(TeO3)2,-4.5467,2.663,Semiconductor,Pc,7,36
LiGa(SnS2)2_id4817_Final_E-4.54.cif,LiGa(SnS2)2,-4.5432,1.442,Semiconductor,I-42d,122,32
Si3Ge2_id3501_Final_E-4.54.cif,Si3Ge2,-4.5418,0.647,Semiconductor,R32,155,20
SrSbSe_id1766_Final_E-4.54.cif,SrSbSe,-4.5417,1.477,Semiconductor,P2_1/m,11,6
NaGaO_id1011_Final_E-4.54.cif,NaGaO,-4.537,1.752,Semiconductor,Pca2_1,29,12
Al3Si8Te4(SeS2)2_id3331_Final_E-4.53.cif,Al3Si8Te4(SeS2)2,-4.5337,1.328,Semiconductor,Pnn2,34,42
Li2As2N_id4973_Final_E-4.52.cif,Li2As2N,-4.5219,1.038,Semiconductor,Pbcn,60,20
Ba3Li2(SeS)2_id987_Final_E-4.52.cif,Ba3Li2(SeS)2,-4.5192,1.751,Semiconductor,Cmc2_1,36,36
K3LiMg3Ti3Si3(BAs2)3_id2387_Final_E-4.52.cif,K3LiMg3Ti3Si3(BAs2)3,-4.5178,0.589,Semiconductor,P3,143,22
InO25_id1355_Final_E-4.51.cif,InO25,-4.5143,1.09,Semiconductor,Pc,7,52
Mg3(PS2)2_id1982_Final_E-4.51.cif,Mg3(PS2)2,-4.5101,1.29,Semiconductor,P2_12_12,18,18
Zn2O3_id1464_Final_E-4.51.cif,Zn2O3,-4.5095,1.852,Semiconductor,P2_1/c,14,20
Ba4ZnIn3(SeO)6_id3684_Final_E-4.51.cif,Ba4ZnIn3(SeO)6,-4.5081,1.551,Semiconductor,P-1,2,40
KCaO26_id1684_Final_E-4.51.cif,KCaO26,-4.5061,3.293,Semiconductor,P1,1,56
Li2As2PS2_id904_Final_E-4.50.cif,Li2As2PS2,-4.503,2.27,Semiconductor,Aea2,41,28
Ga3GeS8_id2035_Final_E-4.50.cif,Ga3GeS8,-4.4972,1.883,Semiconductor,P1,1,24
Zn2O3_id1585_Final_E-4.49.cif,Zn2O3,-4.489,1.237,Semiconductor,Pbcn,60,20
Mg3AlZnTe4Se2(S2O)4_id3256_Final_E-4.49.cif,Mg3AlZnTe4Se2(S2O)4,-4.4881,1.116,Semiconductor,Pnn2,34,46
MgZn2Cd2O10_id2922_Final_E-4.49.cif,MgZn2Cd2O10,-4.4869,1.544,Semiconductor,P2/c,13,30
As_id2344_Final_E-4.49.cif,As,-4.4868,0.355,Semiconductor,Pma2,28,16
As_id3744_Final_E-4.49.cif,As,-4.4851,0.219,Semiconductor,P2_12_12_1,19,24
MgTiZnSn(TeS)2_id1331_Final_E-4.48.cif,MgTiZnSn(TeS)2,-4.484,1.031,Semiconductor,P-1,2,16
CaSnO10_id380_Final_E-4.48.cif,CaSnO10,-4.4826,1.96,Semiconductor,P4bm,100,24
In2(CO)3_id3774_Final_E-4.48.cif,In2(CO)3,-4.4815,1.167,Semiconductor,Pn-3m,224,16
Li4MgZn3Cd4(BO2)4_id3408_Final_E-4.48.cif,Li4MgZn3Cd4(BO2)4,-4.48,2.207,Semiconductor,C222,21,48
MgS_id2791_Final_E-4.48.cif,MgS,-4.4793,2.37,Semiconductor,P6_522,179,12
O2_id3023_Final_E-4.48.cif,O2,-4.4787,1.128,Semiconductor,Pba2,32,26
Al2InSe4_id3792_Final_E-4.48.cif,Al2InSe4,-4.4781,1.727,Semiconductor,P-42m,111,7
KSn(AsP)4_id2805_Final_E-4.48.cif,KSn(AsP)4,-4.4772,1.052,Semiconductor,I4_1/a,88,40
SbTe2AsS3O_id2473_Final_E-4.48.cif,SbTe2AsS3O,-4.4757,1.184,Semiconductor,Pnn2,34,32
ZnO7_id4624_Final_E-4.47.cif,ZnO7,-4.471,0.61,Semiconductor,P1,1,24
Li2Be4P7_id3398_Final_E-4.47.cif,Li2Be4P7,-4.471,1.081,Semiconductor,Ccc2,37,52
As_id2400_Final_E-4.47.cif,As,-4.4699,0.312,Semiconductor,P6_522,179,12
NaGaN2_id882_Final_E-4.46.cif,NaGaN2,-4.4628,1.447,Semiconductor,I4_122,98,16
BaZn4SbO4_id1448_Final_E-4.46.cif,BaZn4SbO4,-4.4617,1.087,Semiconductor,C2/c,15,40
As_id632_Final_E-4.46.cif,As,-4.459,0.277,Semiconductor,P2,3,20
Na4SnSb4AsN4_id4620_Final_E-4.45.cif,Na4SnSb4AsN4,-4.4516,0.159,Semiconductor,C2/c,15,56
NaCa3BeP4Se3_id3427_Final_E-4.45.cif,NaCa3BeP4Se3,-4.4504,1.377,Semiconductor,P1,1,12
Mg3Zn2Te2(S5O3)2_id3791_Final_E-4.45.cif,Mg3Zn2Te2(S5O3)2,-4.4476,2.345,Semiconductor,P2,3,46
As_id4028_Final_E-4.44.cif,As,-4.4411,0.122,Semiconductor,P4/nmm,129,4
O2_id3311_Final_E-4.43.cif,O2,-4.4334,1.195,Semiconductor,Pba2,32,36
O2_id1737_Final_E-4.43.cif,O2,-4.4322,1.431,Semiconductor,Pbcn,60,12
LiAs3(SeS)3_id2957_Final_E-4.43.cif,LiAs3(SeS)3,-4.4273,1.286,Semiconductor,P31c,159,20
Li(Se2O)2_id2170_Final_E-4.43.cif,Li(Se2O)2,-4.4266,1.497,Semiconductor,P1,1,14
AsS2_id4756_Final_E-4.43.cif,AsS2,-4.4259,1.745,Semiconductor,Aea2,41,12
K4BaO4_id468_Final_E-4.42.cif,K4BaO4,-4.4184,1.423,Semiconductor,P4_2/n,86,18
O2_id1165_Final_E-4.42.cif,O2,-4.4165,1.534,Semiconductor,P432,207,36
BaLi2TiCdTeAsPS_id1063_Final_E-4.41.cif,BaLi2TiCdTeAsPS,-4.4131,1.115,Semiconductor,P3_1,144,27
Li2CaGa2Te4O3_id1653_Final_E-4.41.cif,Li2CaGa2Te4O3,-4.4102,1.315,Semiconductor,P-1,2,24
BaSrCaSiTeAsSe_id4540_Final_E-4.41.cif,BaSrCaSiTeAsSe,-4.4088,0.24,Semiconductor,Pca2_1,29,28
Si5Te4_id4468_Final_E-4.40.cif,Si5Te4,-4.3961,1.331,Semiconductor,C2/c,15,36
CaAs2_id1167_Final_E-4.39.cif,CaAs2,-4.3946,0.904,Semiconductor,P4_332,212,12
GaS2_id397_Final_E-4.38.cif,GaS2,-4.3829,1.557,Semiconductor,Pccm,49,6
O2_id395_Final_E-4.38.cif,O2,-4.3808,0.385,Semiconductor,P1,1,28
K3In3O4_id1763_Final_E-4.38.cif,K3In3O4,-4.3794,1.249,Semiconductor,P3c1,158,20
KSr3Se4O3_id4218_Final_E-4.38.cif,KSr3Se4O3,-4.3773,2.068,Semiconductor,Pm-3n,223,22
BaNa3Li2O3_id3393_Final_E-4.37.cif,BaNa3Li2O3,-4.3722,1.248,Semiconductor,P1,1,18
ZnO3_id2422_Final_E-4.37.cif,ZnO3,-4.3698,1.542,Semiconductor,I4_1/a,88,32
TeS3O_id2382_Final_E-4.37.cif,TeS3O,-4.3673,0.546,Semiconductor,P1,1,15
Li3O4_id2536_Final_E-4.37.cif,Li3O4,-4.3668,0.89,Semiconductor,Fm-3m,225,56
ZnGa2SO13_id3925_Final_E-4.36.cif,ZnGa2SO13,-4.3627,2.478,Semiconductor,P6_322,182,34
BaSbAs2P_id83_Final_E-4.36.cif,BaSbAs2P,-4.362,0.232,Semiconductor,P2,3,20
NaLi4AlZnO3_id2716_Final_E-4.36.cif,NaLi4AlZnO3,-4.3603,3.433,Semiconductor,Cc,9,20
SrGeTe2S_id898_Final_E-4.36.cif,SrGeTe2S,-4.3582,1.034,Semiconductor,Cmme,67,40
Ga(GeSe2)2_id2003_Final_E-4.36.cif,Ga(GeSe2)2,-4.3574,0.644,Semiconductor,P-4n2,118,14
Li12Ti4SiO3_id1788_Final_E-4.35.cif,Li12Ti4SiO3,-4.3531,0.963,Semiconductor,P1,1,40
LiAs3P_id4889_Final_E-4.34.cif,LiAs3P,-4.343,0.765,Semiconductor,Aea2,41,40
Sn(PS4)4_id3911_Final_E-4.33.cif,Sn(PS4)4,-4.3344,1.252,Semiconductor,Pc,7,42
KLi2Te2(SeO)4_id3354_Final_E-4.33.cif,KLi2Te2(SeO)4,-4.3331,1.703,Semiconductor,C2,5,26
Sb2SeS8_id544_Final_E-4.33.cif,Sb2SeS8,-4.3304,0.796,Semiconductor,P6_4,172,33
LiAl3Se4_id4975_Final_E-4.33.cif,LiAl3Se4,-4.3291,1.717,Semiconductor,I-42d,122,32
AsSeS_id4750_Final_E-4.33.cif,AsSeS,-4.329,1.313,Semiconductor,Pcc2,27,12
PSeS6_id863_Final_E-4.32.cif,PSeS6,-4.3222,1.688,Semiconductor,Pc,7,16
KBaAs4(SeS)6_id1833_Final_E-4.32.cif,KBaAs4(SeS)6,-4.3184,1.035,Semiconductor,P6_2,171,54
SiGe(TeSe)2_id3967_Final_E-4.32.cif,SiGe(TeSe)2,-4.3161,0.608,Semiconductor,P-42_1m,113,12
MgO6_id832_Final_E-4.31.cif,MgO6,-4.3062,1.488,Semiconductor,Fd-3m,227,56
KTePS3_id4832_Final_E-4.31.cif,KTePS3,-4.3054,1.196,Semiconductor,P1,1,24
Li2Ca2SbN2_id3813_Final_E-4.30.cif,Li2Ca2SbN2,-4.3024,1.728,Semiconductor,Pbca,61,28
KScZnInTeSeS_id506_Final_E-4.30.cif,KScZnInTeSeS,-4.301,1.278,Semiconductor,P2_1/m,11,14
Ge(SeS2)2_id1270_Final_E-4.30.cif,Ge(SeS2)2,-4.2962,1.602,Semiconductor,I-42d,122,28
Li3ZnSiS8_id4231_Final_E-4.30.cif,Li3ZnSiS8,-4.2954,2.278,Semiconductor,P-42m,111,13
InSeO2_id1558_Final_E-4.29.cif,InSeO2,-4.2932,0.562,Semiconductor,P4_2/ncm,138,16
Se2SO8_id3615_Final_E-4.29.cif,Se2SO8,-4.2921,2.057,Semiconductor,P4,75,11
As2SeS_id3760_Final_E-4.29.cif,As2SeS,-4.2908,0.868,Semiconductor,I4_1/amd,141,16
BaCa(PO)2_id4428_Final_E-4.29.cif,BaCa(PO)2,-4.2897,0.506,Semiconductor,I4_1/amd,141,24
Sn2Se9S15O4_id1106_Final_E-4.29.cif,Sn2Se9S15O4,-4.2893,0.778,Semiconductor,C2,5,60
SbS8_id2657_Final_E-4.28.cif,SbS8,-4.2838,1.541,Semiconductor,P-1,2,36
LiCdInTeO3_id4759_Final_E-4.28.cif,LiCdInTeO3,-4.2828,1.653,Semiconductor,P1,1,14
Li4AsS6_id3360_Final_E-4.28.cif,Li4AsS6,-4.2803,1.362,Semiconductor,P1,1,22
NaCd2O8_id3153_Final_E-4.28.cif,NaCd2O8,-4.2802,1.413,Semiconductor,Pbcm,57,44
AlSbTeSeS17_id2496_Final_E-4.27.cif,AlSbTeSeS17,-4.2703,0.9,Semiconductor,Pc,7,42
LiS4_id3898_Final_E-4.27.cif,LiS4,-4.269,2.147,Semiconductor,P-1,2,10
Na(SiSe2)2_id4320_Final_E-4.27.cif,Na(SiSe2)2,-4.268,1.861,Semiconductor,P-42m,111,7
GeO8_id311_Final_E-4.26.cif,GeO8,-4.2611,2.296,Semiconductor,Fm-3m,225,36
Sr2SbS2_id617_Final_E-4.25.cif,Sr2SbS2,-4.2535,1.006,Semiconductor,R-3m,166,15
NaSnP3_id3816_Final_E-4.25.cif,NaSnP3,-4.2499,0.372,Semiconductor,Amm2,38,10
Li3As3SeS7_id4744_Final_E-4.25.cif,Li3As3SeS7,-4.2495,2.013,Semiconductor,P3m1,156,14
K4LiAsO8_id4929_Final_E-4.25.cif,K4LiAsO8,-4.2461,2.083,Semiconductor,I4_1/a,88,56
GaAs4Se4S3_id3809_Final_E-4.25.cif,GaAs4Se4S3,-4.2452,1.344,Semiconductor,P1,1,48
SbAsSe2_id2241_Final_E-4.24.cif,SbAsSe2,-4.2428,0.101,Semiconductor,Cmcm,63,16
As3SeS2_id2047_Final_E-4.24.cif,As3SeS2,-4.2419,0.647,Semiconductor,Pm,6,6
LiTeP2Se2S9_id254_Final_E-4.24.cif,LiTeP2Se2S9,-4.2419,1.384,Semiconductor,P2_1/c,14,60
K9Ba4Mg4SbO10_id2081_Final_E-4.24.cif,K9Ba4Mg4SbO10,-4.2374,1.643,Semiconductor,C2,5,56
NaSbS2_id4904_Final_E-4.23.cif,NaSbS2,-4.2284,1.179,Semiconductor,I4_122,98,16
Al2Zn2GeS4_id2266_Final_E-4.23.cif,Al2Zn2GeS4,-4.2255,1.327,Semiconductor,P-42m,111,9
SnTeSeS2N_id2482_Final_E-4.22.cif,SnTeSeS2N,-4.224,1.323,Semiconductor,Cmc2_1,36,24
GeTe3AsS8_id117_Final_E-4.22.cif,GeTe3AsS8,-4.2225,0.128,Semiconductor,P-3m1,164,13
Ca2Te2Se_id94_Final_E-4.22.cif,Ca2Te2Se,-4.2196,0.806,Semiconductor,P2_1/c,14,20
Sb4TeS2_id4917_Final_E-4.21.cif,Sb4TeS2,-4.2144,1.105,Semiconductor,I-42d,122,28
KO2_id3289_Final_E-4.21.cif,KO2,-4.2137,0.877,Semiconductor,P6_522,179,18
Sb2TeAs2P_id95_Final_E-4.21.cif,Sb2TeAs2P,-4.2096,0.493,Semiconductor,P2/c,13,12
Ga3TeS3_id3867_Final_E-4.21.cif,Ga3TeS3,-4.2079,0.531,Semiconductor,P6_3mc,186,14
BeAs_id4388_Final_E-4.21.cif,BeAs,-4.2077,0.385,Semiconductor,Pccm,49,8
Li2Al(SbS2)2_id4258_Final_E-4.21.cif,Li2Al(SbS2)2,-4.2076,0.195,Semiconductor,P4nc,104,36
Cd2PO3_id948_Final_E-4.21.cif,Cd2PO3,-4.2061,0.099,Semiconductor,P1,1,24
Li2As3S2_id2523_Final_E-4.21.cif,Li2As3S2,-4.2057,2.379,Semiconductor,P4_2mc,105,14
TeAsS_id3763_Final_E-4.21.cif,TeAsS,-4.205,0.907,Semiconductor,P-1,2,6
KS3_id2915_Final_E-4.20.cif,KS3,-4.2037,1.523,Semiconductor,Pnma,62,16
GeS11_id1535_Final_E-4.20.cif,GeS11,-4.1956,2.132,Semiconductor,P1,1,12
MgInSnS8_id3282_Final_E-4.19.cif,MgInSnS8,-4.1913,0.874,Semiconductor,P2/c,13,22
NaAlInTeSeS2_id4470_Final_E-4.19.cif,NaAlInTeSeS2,-4.19,1.352,Semiconductor,P2_1,4,14
NaS5_id3514_Final_E-4.19.cif,NaS5,-4.1878,0.475,Semiconductor,P3_112,151,36
In2AsS5_id1314_Final_E-4.18.cif,In2AsS5,-4.1804,0.979,Semiconductor,P6_4,172,24
Li4As2PS2_id67_Final_E-4.18.cif,Li4As2PS2,-4.1769,1.947,Semiconductor,Pbcn,60,36
Se4S2NO2_id3599_Final_E-4.18.cif,Se4S2NO2,-4.1764,1.779,Semiconductor,P-1,2,18
K2ZnO2_id4267_Final_E-4.17.cif,K2ZnO2,-4.1729,0.698,Semiconductor,P1,1,10
Sn5Ge3(TeAs)2_id2873_Final_E-4.17.cif,Sn5Ge3(TeAs)2,-4.1706,0.138,Semiconductor,P2_12_12,18,24
Li5Al2GaO4_id3949_Final_E-4.17.cif,Li5Al2GaO4,-4.1689,1.973,Semiconductor,P4nc,104,48
NaLi4GaAsO2_id1697_Final_E-4.17.cif,NaLi4GaAsO2,-4.1655,1.654,Semiconductor,I222,23,18
S_id4048_Final_E-4.16.cif,S,-4.1626,1.261,Semiconductor,P-1,2,8
Li2SeS4_id635_Final_E-4.16.cif,Li2SeS4,-4.1592,1.272,Semiconductor,C2/c,15,28
ZnAsO_id2135_Final_E-4.16.cif,ZnAsO,-4.1582,0.146,Semiconductor,P4_22_12,94,24
LiTeAsS3_id2920_Final_E-4.16.cif,LiTeAsS3,-4.1577,1.091,Semiconductor,C222_1,20,48
K8Li4ZnGa8Te4P16Se4S2O3_id2720_Final_E-4.16.cif,K8Li4ZnGa8Te4P16Se4S2O3,-4.1573,1.687,Semiconductor,P1,1,50
S_id91_Final_E-4.16.cif,S,-4.1571,0.704,Semiconductor,Pbca,61,8
BaCaTe2_id1471_Final_E-4.16.cif,BaCaTe2,-4.1571,0.95,Semiconductor,P-1,2,16
S_id2989_Final_E-4.16.cif,S,-4.1567,1.112,Semiconductor,Pbca,61,16
BAs12_id1703_Final_E-4.16.cif,BAs12,-4.1566,0.915,Semiconductor,I432,211,26
Si4BSe12_id1391_Final_E-4.16.cif,Si4BSe12,-4.1566,0.243,Semiconductor,I432,211,34
S_id3511_Final_E-4.16.cif,S,-4.1565,1.51,Semiconductor,Pbca,61,8
KLi2Si(GeS2)2_id886_Final_E-4.15.cif,KLi2Si(GeS2)2,-4.1474,0.711,Semiconductor,Pc,7,20
Li3CaTe2(SeS2)3_id1543_Final_E-4.14.cif,Li3CaTe2(SeS2)3,-4.1359,0.39,Semiconductor,P1,1,45
Al(GaSi2)2_id491_Final_E-4.13.cif,Al(GaSi2)2,-4.1348,1.048,Semiconductor,I4/mmm,139,14
LiS4_id2176_Final_E-4.13.cif,LiS4,-4.1314,2.191,Semiconductor,P4_22_12,94,20
TeAsP_id423_Final_E-4.12.cif,TeAsP,-4.1248,1.11,Semiconductor,P4_32_12,96,24
In(GaSe2)2_id1261_Final_E-4.12.cif,In(GaSe2)2,-4.121,0.993,Semiconductor,P-42m,111,7
S_id4852_Final_E-4.12.cif,S,-4.1191,2.15,Semiconductor,P2_1/c,14,8
NaLi8ZnTe4(SO)4_id4132_Final_E-4.12.cif,NaLi8ZnTe4(SO)4,-4.1189,1.373,Semiconductor,I222,23,44
In3(SeS)2_id515_Final_E-4.12.cif,In3(SeS)2,-4.1167,0.713,Semiconductor,Cccm,66,28
Sr2Li4Ge2P5S_id2836_Final_E-4.12.cif,Sr2Li4Ge2P5S,-4.1155,0.978,Semiconductor,P1,1,56
S_id1838_Final_E-4.12.cif,S,-4.1154,1.822,Semiconductor,P6_3cm,185,30
K2S5_id3709_Final_E-4.11.cif,K2S5,-4.1138,0.826,Semiconductor,P1,1,21
Li3Mg3CS3_id3460_Final_E-4.11.cif,Li3Mg3CS3,-4.113,1.7,Semiconductor,P6_3/m,176,20
InS2_id4861_Final_E-4.11.cif,InS2,-4.1081,1.297,Semiconductor,Pban,50,12
Li2AlZn(SeS3)2_id1504_Final_E-4.11.cif,Li2AlZn(SeS3)2,-4.1073,2.247,Semiconductor,P3_221,154,36
S_id935_Final_E-4.10.cif,S,-4.1043,1.094,Semiconductor,Pc,7,42
ZnO_id370_Final_E-4.10.cif,ZnO,-4.1028,1.185,Semiconductor,P6_522,179,12
Li4MgZn6(SiO4)3_id2313_Final_E-4.10.cif,Li4MgZn6(SiO4)3,-4.1013,3.053,Semiconductor,I432,211,52
BeSe_id1727_Final_E-4.10.cif,BeSe,-4.1011,0.882,Semiconductor,Pbca,61,16
InS2_id2218_Final_E-4.10.cif,InS2,-4.0991,0.758,Semiconductor,Cmc2_1,36,12
Ba3Li2GeAs4_id3977_Final_E-4.09.cif,Ba3Li2GeAs4,-4.092,0.955,Semiconductor,P-1,2,40
K2ZnO2_id1318_Final_E-4.09.cif,K2ZnO2,-4.0894,1.833,Semiconductor,I4_1,80,20
CaMg2Se3S2_id1645_Final_E-4.09.cif,CaMg2Se3S2,-4.0855,0.191,Semiconductor,C2,5,32
ZnCd2O8_id2627_Final_E-4.08.cif,ZnCd2O8,-4.0798,0.862,Semiconductor,P4/nbm,125,22
Ga3S2_id786_Final_E-4.08.cif,Ga3S2,-4.0785,1.426,Semiconductor,Pnnn,48,20
O2_id745_Final_E-4.08.cif,O2,-4.0776,1.479,Semiconductor,P2/c,13,34
SbAs5_id33_Final_E-4.08.cif,SbAs5,-4.0775,0.059,Semiconductor,Pmmm,47,6
Be2ZnBP_id984_Final_E-4.08.cif,Be2ZnBP,-4.077,0.733,Semiconductor,Pnma,62,20
Ba4SbAs2_id2338_Final_E-4.08.cif,Ba4SbAs2,-4.0759,0.363,Semiconductor,P-1,2,28
S_id143_Final_E-4.07.cif,S,-4.0735,2.027,Semiconductor,P4/m,83,8
NaSeS5_id1012_Final_E-4.07.cif,NaSeS5,-4.072,0.347,Semiconductor,Cmc2_1,36,56
NaS3_id3823_Final_E-4.07.cif,NaS3,-4.0697,1.11,Semiconductor,Cmcm,63,16
Mg(AlSe4)2_id2749_Final_E-4.07.cif,Mg(AlSe4)2,-4.0689,1.731,Semiconductor,P-42m,111,11
NaS4_id3995_Final_E-4.07.cif,NaS4,-4.0668,2.045,Semiconductor,R-3m,166,15
AsSe2_id4236_Final_E-4.07.cif,AsSe2,-4.0653,0.928,Semiconductor,Pn-3m,224,6
Ba4Sr4Cd2GeAsSe2(SO)2_id3812_Final_E-4.06.cif,Ba4Sr4Cd2GeAsSe2(SO)2,-4.0616,0.98,Semiconductor,P3_221,154,54
Te2S9_id1569_Final_E-4.06.cif,Te2S9,-4.0568,1.446,Semiconductor,Pc,7,22
KNaO2_id1772_Final_E-4.06.cif,KNaO2,-4.0556,0.7,Semiconductor,I4_122,98,16
KInS2_id4189_Final_E-4.06.cif,KInS2,-4.0552,1.456,Semiconductor,I4_122,98,16
Li8Sn(SeS)4_id977_Final_E-4.05.cif,Li8Sn(SeS)4,-4.0515,1.29,Semiconductor,P1,1,17
S_id2411_Final_E-4.05.cif,S,-4.0499,0.755,Semiconductor,Pbca,61,16
Sb2TeAs_id2036_Final_E-4.05.cif,Sb2TeAs,-4.0484,0.707,Semiconductor,P4/mbm,127,16
Li2Cd2O3_id3828_Final_E-4.05.cif,Li2Cd2O3,-4.048,1.19,Semiconductor,Pbcn,60,28
S_id4053_Final_E-4.05.cif,S,-4.0452,0.24,Semiconductor,Pbca,61,16
S_id4047_Final_E-4.04.cif,S,-4.0407,1.753,Semiconductor,Pbca,61,8
BeAl4Zn2(SiSe4)2_id2016_Final_E-4.04.cif,BeAl4Zn2(SiSe4)2,-4.0393,1.411,Semiconductor,P222,16,17
S_id2733_Final_E-4.04.cif,S,-4.0377,1.262,Semiconductor,Pba2,32,14
GaSe2_id2551_Final_E-4.03.cif,GaSe2,-4.0334,1.722,Semiconductor,P-42_1m,113,6
Zn3GeS16_id2340_Final_E-4.03.cif,Zn3GeS16,-4.0332,1.5,Semiconductor,P1,1,20
S_id192_Final_E-4.03.cif,S,-4.0293,1.083,Semiconductor,Pba2,32,18
In2SnSe4_id3637_Final_E-4.03.cif,In2SnSe4,-4.0279,0.349,Semiconductor,P-42_1c,114,14
Ba2Sr2LiSnP4_id357_Final_E-4.02.cif,Ba2Sr2LiSnP4,-4.0244,0.915,Semiconductor,P1,1,40
LiZn3P3O4_id2560_Final_E-4.02.cif,LiZn3P3O4,-4.0187,0.997,Semiconductor,Pm-3n,223,22
Na2Li4GeSb2AsS4_id1922_Final_E-4.02.cif,Na2Li4GeSb2AsS4,-4.0163,1.613,Semiconductor,P1,1,14
Se3S10_id2237_Final_E-4.01.cif,Se3S10,-4.0089,1.012,Semiconductor,P1,1,26
TeAs2_id2144_Final_E-4.00.cif,TeAs2,-3.9961,0.547,Semiconductor,P1,1,12
Sb5TeSe2_id229_Final_E-3.99.cif,Sb5TeSe2,-3.9949,0.479,Semiconductor,Cc,9,32
AlTe2_id4791_Final_E-3.99.cif,AlTe2,-3.9904,1.643,Semiconductor,P-42_1m,113,6
CdS6_id571_Final_E-3.99.cif,CdS6,-3.9887,1.728,Semiconductor,P2/m,10,14
S_id1121_Final_E-3.99.cif,S,-3.9884,2.019,Semiconductor,P23,195,12
TeAs2_id1874_Final_E-3.98.cif,TeAs2,-3.9842,1.125,Semiconductor,I4_1/a,88,24
LiAl(GaS)2_id4991_Final_E-3.98.cif,LiAl(GaS)2,-3.9791,0.163,Semiconductor,P1,1,12
TeS2_id1398_Final_E-3.98.cif,TeS2,-3.9763,1.23,Semiconductor,P3_112,151,9
Ga2Te4S13_id1070_Final_E-3.97.cif,Ga2Te4S13,-3.9747,0.798,Semiconductor,P1,1,38
Li5(Ge2S)2_id3330_Final_E-3.97.cif,Li5(Ge2S)2,-3.9717,0.728,Semiconductor,P1,1,11
ZnN3_id1302_Final_E-3.97.cif,ZnN3,-3.9711,0.22,Semiconductor,Fm-3m,225,16
Li3ZnSiSe4_id1809_Final_E-3.97.cif,Li3ZnSiSe4,-3.9697,1.166,Semiconductor,P-43m,215,9
K6BaMgO6_id1038_Final_E-3.96.cif,K6BaMgO6,-3.9638,1.177,Semiconductor,P-31c,163,28
In(AsSe4)2_id2284_Final_E-3.95.cif,In(AsSe4)2,-3.9549,0.231,Semiconductor,P1,1,22
Sn3Te4_id2694_Final_E-3.95.cif,Sn3Te4,-3.9531,0.472,Semiconductor,P-42m,111,7
InSe2S3_id398_Final_E-3.95.cif,InSe2S3,-3.9526,1.667,Semiconductor,Aea2,41,48
O2_id1958_Final_E-3.95.cif,O2,-3.9525,1.948,Semiconductor,Aem2,39,28
CaZn3Si3P4_id407_Final_E-3.95.cif,CaZn3Si3P4,-3.9456,0.16,Semiconductor,Pm-3n,223,22
LiCdS6_id2412_Final_E-3.94.cif,LiCdS6,-3.9439,1.14,Semiconductor,P6_322,182,16
K3ScN7_id4635_Final_E-3.94.cif,K3ScN7,-3.9436,1.027,Semiconductor,Pm-3n,223,22
Na8LiCd4Se4(SO2)4_id1327_Final_E-3.94.cif,Na8LiCd4Se4(SO2)4,-3.9355,1.589,Semiconductor,P4_2/n,86,58
GeTe2_id3280_Final_E-3.93.cif,GeTe2,-3.9323,0.455,Semiconductor,P3_221,154,9
LiZnGaSnS3_id104_Final_E-3.93.cif,LiZnGaSnS3,-3.9316,1.224,Semiconductor,P2,3,28
K2SnO8_id1362_Final_E-3.93.cif,K2SnO8,-3.9283,0.25,Semiconductor,P-31m,162,22
KNa3Si3S4_id3829_Final_E-3.92.cif,KNa3Si3S4,-3.9174,3.12,Semiconductor,Pm-3n,223,22
K5O4_id1740_Final_E-3.91.cif,K5O4,-3.9141,1.388,Semiconductor,I4/m,87,18
Na2Zn3(SeO)4_id4197_Final_E-3.91.cif,Na2Zn3(SeO)4,-3.91,2.228,Semiconductor,Pban,50,26
AlZnP2_id465_Final_E-3.90.cif,AlZnP2,-3.9015,1.236,Semiconductor,P3_221,154,12
Sb2Te_id3419_Final_E-3.89.cif,Sb2Te,-3.8932,0.12,Semiconductor,I4_1/a,88,24
NaIn3Te3O4_id2004_Final_E-3.89.cif,NaIn3Te3O4,-3.8922,0.065,Semiconductor,Pm-3n,223,22
Ga(SeS)2_id3837_Final_E-3.89.cif,Ga(SeS)2,-3.8916,1.802,Semiconductor,Pmna,53,10
InSe2_id147_Final_E-3.88.cif,InSe2,-3.8792,1.24,Semiconductor,P-42_1m,113,6
Li2Al2SiTe4_id2886_Final_E-3.88.cif,Li2Al2SiTe4,-3.8787,1.443,Semiconductor,P-42m,111,9
Mg2InSe4_id4192_Final_E-3.87.cif,Mg2InSe4,-3.8735,1.595,Semiconductor,I-42d,122,28
CdSbS2_id1123_Final_E-3.87.cif,CdSbS2,-3.8731,1.125,Semiconductor,P-1,2,8
Li4Mg(TeS2)2_id1650_Final_E-3.87.cif,Li4Mg(TeS2)2,-3.8686,1.939,Semiconductor,C222,21,22
Li6CaSe4_id682_Final_E-3.86.cif,Li6CaSe4,-3.857,1.904,Semiconductor,Im-3m,229,22
K5Na13O12_id4447_Final_E-3.85.cif,K5Na13O12,-3.8484,1.152,Semiconductor,P2,3,30
SeS_id2608_Final_E-3.85.cif,SeS,-3.8477,1.51,Semiconductor,P4/m,83,8
SeS_id1416_Final_E-3.85.cif,SeS,-3.8465,1.352,Semiconductor,P4/m,83,8
TeAs_id3157_Final_E-3.83.cif,TeAs,-3.8349,0.107,Semiconductor,Pbca,61,16
BeAlZnP2_id2320_Final_E-3.83.cif,BeAlZnP2,-3.8258,1.441,Semiconductor,Pccm,49,10
NaZn3Ga3O4_id4143_Final_E-3.81.cif,NaZn3Ga3O4,-3.8136,0.94,Semiconductor,Pm-3n,223,22
TeSeS2_id7_Final_E-3.81.cif,TeSeS2,-3.8135,0.817,Semiconductor,P4/m,83,16
NaSi2(Te2Se)4_id530_Final_E-3.81.cif,NaSi2(Te2Se)4,-3.8135,0.976,Semiconductor,P1,1,15
K(GeTe2)2_id3067_Final_E-3.81.cif,K(GeTe2)2,-3.8123,0.795,Semiconductor,P-42m,111,7
Se4S3_id1904_Final_E-3.81.cif,Se4S3,-3.8087,0.677,Semiconductor,Pnnn,48,28
K6TiInO6_id1051_Final_E-3.81.cif,K6TiInO6,-3.808,0.482,Semiconductor,P-31c,163,28
NaS_id3246_Final_E-3.80.cif,NaS,-3.8026,2.761,Semiconductor,P-1,2,12
Li4Al2Cd(GeSe2)2_id2468_Final_E-3.80.cif,Li4Al2Cd(GeSe2)2,-3.8021,0.12,Semiconductor,Cmm2,35,13
InGa2(TeSe)4_id76_Final_E-3.80.cif,InGa2(TeSe)4,-3.801,1.037,Semiconductor,P-42m,111,11
K3BaO2_id4720_Final_E-3.80.cif,K3BaO2,-3.7986,0.908,Semiconductor,P4_22_12,94,24
Si_id4224_Final_E-3.80.cif,Si,-3.7982,0.707,Semiconductor,Pm-3n,223,12
SeS_id1935_Final_E-3.79.cif,SeS,-3.7947,1.107,Semiconductor,P4/m,83,8
MgO8_id4475_Final_E-3.79.cif,MgO8,-3.7914,3.15,Semiconductor,Fm-3m,225,36
Al2GaTe4_id389_Final_E-3.79.cif,Al2GaTe4,-3.7908,0.067,Semiconductor,P2,3,7
SbTe2_id1049_Final_E-3.77.cif,SbTe2,-3.7717,0.538,Semiconductor,Aea2,41,24
MgSe4_id3505_Final_E-3.76.cif,MgSe4,-3.7647,1.842,Semiconductor,P1,1,10
Li3(GeTe2)2_id3199_Final_E-3.76.cif,Li3(GeTe2)2,-3.7638,1.362,Semiconductor,P-42m,111,9
LiZnO_id490_Final_E-3.76.cif,LiZnO,-3.7597,1.24,Semiconductor,C222,21,12
NaLi2ZnGaS5_id3268_Final_E-3.76.cif,NaLi2ZnGaS5,-3.7596,1.822,Semiconductor,P-1,2,20
KLiAs3_id304_Final_E-3.75.cif,KLiAs3,-3.7532,1.326,Semiconductor,P1,1,10
LiAs_id4025_Final_E-3.75.cif,LiAs,-3.7526,1.341,Semiconductor,I4_1/acd,142,32
In2TeSe5_id34_Final_E-3.75.cif,In2TeSe5,-3.7502,0.876,Semiconductor,P1,1,16
KLiSe4_id3795_Final_E-3.73.cif,KLiSe4,-3.7339,0.681,Semiconductor,P2_1/c,14,24
KLiGeAs2_id2577_Final_E-3.73.cif,KLiGeAs2,-3.7331,0.967,Semiconductor,P1,1,10
KS_id476_Final_E-3.72.cif,KS,-3.724,2.045,Semiconductor,P2/m,10,16
Te2AsSe4_id160_Final_E-3.72.cif,Te2AsSe4,-3.7236,0.604,Semiconductor,I-42d,122,28
Li3Cd2O2_id364_Final_E-3.72.cif,Li3Cd2O2,-3.722,1.663,Semiconductor,C2/m,12,14
BaMgGeP_id4412_Final_E-3.72.cif,BaMgGeP,-3.7216,1.018,Semiconductor,P4_2/mmc,131,8
Mg2ZnTeS2_id3850_Final_E-3.72.cif,Mg2ZnTeS2,-3.7171,1.294,Semiconductor,Cmmm,65,12
ZnSbTe2(SeS)2_id2_Final_E-3.72.cif,ZnSbTe2(SeS)2,-3.7163,1.118,Semiconductor,P3_221,154,24
NaTeS_id4308_Final_E-3.71.cif,NaTeS,-3.7145,1.117,Semiconductor,Pca2_1,29,12
AsSe6_id4353_Final_E-3.71.cif,AsSe6,-3.7114,1.054,Semiconductor,I-42d,122,28
S_id4383_Final_E-3.70.cif,S,-3.703,2.215,Semiconductor,Ia-3d,230,32
CaMg2In2(AsSe)2_id2919_Final_E-3.70.cif,CaMg2In2(AsSe)2,-3.6989,1.091,Semiconductor,Pbcn,60,36
LiSe2_id4527_Final_E-3.68.cif,LiSe2,-3.6809,1.347,Semiconductor,P4_2cm,101,24
K3Na7SO4_id2006_Final_E-3.68.cif,K3Na7SO4,-3.6763,1.685,Semiconductor,P6_322,182,30
KSnTe2_id4463_Final_E-3.67.cif,KSnTe2,-3.6669,0.751,Semiconductor,R-3m,166,12
S_id2863_Final_E-3.66.cif,S,-3.6627,2.386,Semiconductor,Pbca,61,12
NaS2_id2012_Final_E-3.66.cif,NaS2,-3.6587,1.957,Semiconductor,P-42_1c,114,12
Zn2Ga(SeS)2_id4722_Final_E-3.65.cif,Zn2Ga(SeS)2,-3.6543,1.462,Semiconductor,Pc,7,14
LiZn(As2Se)2_id980_Final_E-3.65.cif,LiZn(As2Se)2,-3.6528,0.913,Semiconductor,P2_12_12,18,16
KMgTeO_id2390_Final_E-3.65.cif,KMgTeO,-3.6489,1.948,Semiconductor,Aea2,41,32
K8InO6_id2767_Final_E-3.65.cif,K8InO6,-3.6485,1.078,Semiconductor,P-31m,162,15
Li3ScCd3S4_id880_Final_E-3.64.cif,Li3ScCd3S4,-3.6448,0.738,Semiconductor,Pm-3n,223,22
NaMg7Al6Zn3O6_id2639_Final_E-3.64.cif,NaMg7Al6Zn3O6,-3.6445,1.231,Semiconductor,P-1,2,23
TeSeO2_id991_Final_E-3.64.cif,TeSeO2,-3.644,0.517,Semiconductor,P4/mmm,123,8
Te12S25_id1451_Final_E-3.64.cif,Te12S25,-3.6437,1.481,Semiconductor,Pm-3m,221,37
GaTe2_id4869_Final_E-3.64.cif,GaTe2,-3.6402,0.695,Semiconductor,C222_1,20,12
Li4GeTe4_id2941_Final_E-3.64.cif,Li4GeTe4,-3.6366,0.605,Semiconductor,P-42m,111,9
SeS_id2116_Final_E-3.64.cif,SeS,-3.6363,0.099,Semiconductor,I4_1/amd,141,8
BeAlIn2(SeS2)2_id1191_Final_E-3.63.cif,BeAlIn2(SeS2)2,-3.6348,1.481,Semiconductor,P2,3,20
ZnSi2_id1075_Final_E-3.63.cif,ZnSi2,-3.6306,0.236,Semiconductor,Pa-3,205,12
LiSe_id4925_Final_E-3.62.cif,LiSe,-3.6192,0.299,Semiconductor,P6_222,180,12
NaSbS_id4469_Final_E-3.61.cif,NaSbS,-3.6135,1.566,Semiconductor,P4_2/mmc,131,6
TeSe4_id2522_Final_E-3.61.cif,TeSe4,-3.6064,0.686,Semiconductor,I-42d,122,20
K6InGa(SnSe3)2_id4555_Final_E-3.60.cif,K6InGa(SnSe3)2,-3.6048,1.095,Semiconductor,P1,1,16
KTeS_id4100_Final_E-3.59.cif,KTeS,-3.5908,0.662,Semiconductor,Pcc2,27,12
Sr2MgSi2As3_id1074_Final_E-3.59.cif,Sr2MgSi2As3,-3.5883,0.705,Semiconductor,P4/mmm,123,16
K3O7_id3927_Final_E-3.58.cif,K3O7,-3.5829,0.076,Semiconductor,I-43d,220,40
KInS_id1887_Final_E-3.58.cif,KInS,-3.5828,1.933,Semiconductor,P1,1,24
Zn2InGaSe4_id2766_Final_E-3.58.cif,Zn2InGaSe4,-3.5808,1.181,Semiconductor,I-42m,121,16
ZnGaSi2_id4337_Final_E-3.57.cif,ZnGaSi2,-3.5685,0.176,Semiconductor,P4_12_12,92,16
NaCd3O6_id1457_Final_E-3.56.cif,NaCd3O6,-3.5612,2.161,Semiconductor,Pm-3m,221,10
Ba2Ca3N2O_id2009_Final_E-3.56.cif,Ba2Ca3N2O,-3.5576,0.382,Semiconductor,Pn-3m,224,16
S_id4104_Final_E-3.56.cif,S,-3.5563,2.032,Semiconductor,I4/mmm,139,20
Na2SbSe2_id2087_Final_E-3.56.cif,Na2SbSe2,-3.5563,1.264,Semiconductor,Pn-3m,224,10
Se_id2807_Final_E-3.55.cif,Se,-3.551,0.177,Semiconductor,Pbca,61,16
Se_id3759_Final_E-3.54.cif,Se,-3.5401,0.125,Semiconductor,I4/mmm,139,8
Zn2CdO2_id1207_Final_E-3.52.cif,Zn2CdO2,-3.5208,0.54,Semiconductor,Cmme,67,20
K2Sc2As_id4253_Final_E-3.51.cif,K2Sc2As,-3.5098,1.051,Semiconductor,P6_122,178,30
K2Ba6Sr(CdN)6_id2388_Final_E-3.50.cif,K2Ba6Sr(CdN)6,-3.5005,2.875,Semiconductor,P-3c1,165,42
Sc4SbTe7_id814_Final_E-3.49.cif,Sc4SbTe7,-3.491,0.111,Semiconductor,P-43n,218,24
InGaTe2_id513_Final_E-3.49.cif,InGaTe2,-3.4905,0.749,Semiconductor,Aea2,41,16
ZnAsSe_id1354_Final_E-3.49.cif,ZnAsSe,-3.4896,0.427,Semiconductor,Pbca,61,24
BO3_id2466_Final_E-3.49.cif,BO3,-3.4864,0.245,Semiconductor,I432,211,32
K2CaInSn2Sb3_id1670_Final_E-3.48.cif,K2CaInSn2Sb3,-3.4843,0.322,Semiconductor,P1,1,18
LiTe_id3436_Final_E-3.48.cif,LiTe,-3.4818,1.12,Semiconductor,P2/m,10,8
LiInTe4_id546_Final_E-3.48.cif,LiInTe4,-3.4801,0.962,Semiconductor,I4_1/a,88,24
Li(GaTe4)2_id869_Final_E-3.48.cif,Li(GaTe4)2,-3.4788,0.195,Semiconductor,P-42m,111,11
S_id302_Final_E-3.47.cif,S,-3.4722,1.978,Semiconductor,Pm-3m,221,8
KZnS2_id4167_Final_E-3.46.cif,KZnS2,-3.4584,2.171,Semiconductor,P3_221,154,12
Li2AlZnTe4_id878_Final_E-3.45.cif,Li2AlZnTe4,-3.4528,0.513,Semiconductor,P1,1,32
BSe12_id1773_Final_E-3.45.cif,BSe12,-3.4507,0.959,Semiconductor,I432,211,26
Li5MgAlTe4_id4708_Final_E-3.43.cif,Li5MgAlTe4,-3.4347,1.391,Semiconductor,P-42m,111,11
Zn2GeSe3_id1762_Final_E-3.43.cif,Zn2GeSe3,-3.4268,1.385,Semiconductor,Pm,6,12
K7O6_id3154_Final_E-3.43.cif,K7O6,-3.4263,1.107,Semiconductor,Im-3m,229,26
MgGaTe2_id2644_Final_E-3.42.cif,MgGaTe2,-3.4238,0.716,Semiconductor,Pmmn,59,8
Ba3SrLi4S3_id4120_Final_E-3.42.cif,Ba3SrLi4S3,-3.4186,2.247,Semiconductor,Pm-3n,223,22
NaMgZnCdTe12As2PSe2_id4516_Final_E-3.41.cif,NaMgZnCdTe12As2PSe2,-3.4133,0.832,Semiconductor,P1,1,21
Zn3GeS4_id2184_Final_E-3.41.cif,Zn3GeS4,-3.41,0.85,Semiconductor,I-42d,122,32
K2O_id4389_Final_E-3.41.cif,K2O,-3.4054,1.244,Semiconductor,Pcc2,27,24
LiTe_id48_Final_E-3.40.cif,LiTe,-3.4024,1.317,Semiconductor,P4/nmm,129,16
Sr2Ca3GaS2_id2884_Final_E-3.40.cif,Sr2Ca3GaS2,-3.4011,1.856,Semiconductor,P6_3/mmc,194,16
Sc4Ti(SeS10)2_id1777_Final_E-3.39.cif,Sc4Ti(SeS10)2,-3.3895,2.073,Semiconductor,P1,1,27
O2_id4070_Final_E-3.37.cif,O2,-3.3695,1.218,Semiconductor,Pn-3m,224,48
LiTe_id4398_Final_E-3.37.cif,LiTe,-3.3672,1.139,Semiconductor,P-3m1,164,4
Li6TeSe2_id2937_Final_E-3.36.cif,Li6TeSe2,-3.3639,1.718,Semiconductor,Fm-3m,225,36
Na2Li8CaAs6_id1150_Final_E-3.36.cif,Na2Li8CaAs6,-3.3583,0.904,Semiconductor,P1,1,34
K2GeAs4_id3316_Final_E-3.35.cif,K2GeAs4,-3.3547,0.446,Semiconductor,Fd-3m,227,56
K4Sr3S4_id60_Final_E-3.35.cif,K4Sr3S4,-3.3541,2.579,Semiconductor,I-43m,217,22
K3Na3S4_id3887_Final_E-3.35.cif,K3Na3S4,-3.354,2.441,Semiconductor,P1,1,20
CdO_id4760_Final_E-3.35.cif,CdO,-3.3527,2.787,Semiconductor,P4/mmm,123,8
Ba2BeP_id4561_Final_E-3.35.cif,Ba2BeP,-3.3524,0.198,Semiconductor,Fm-3m,225,16
Se_id3705_Final_E-3.35.cif,Se,-3.3516,1.455,Semiconductor,Pbca,61,8
NaSe_id2329_Final_E-3.32.cif,NaSe,-3.324,0.643,Semiconductor,P4_2/m,84,16
NaSe_id3801_Final_E-3.32.cif,NaSe,-3.3233,1.281,Semiconductor,I4_1/amd,141,8
Na2Li2GeO_id3491_Final_E-3.31.cif,Na2Li2GeO,-3.3083,1.425,Semiconductor,P4_322,95,24
Cd3O4_id2953_Final_E-3.30.cif,Cd3O4,-3.3019,1.116,Semiconductor,C222,21,14
ZnS_id4328_Final_E-3.30.cif,ZnS,-3.2973,0.962,Semiconductor,P4_32_12,96,16
O2_id2757_Final_E-3.30.cif,O2,-3.2962,1.138,Semiconductor,R-3c,167,24
Mg4TiAlZnSbTe3_id4460_Final_E-3.29.cif,Mg4TiAlZnSbTe3,-3.2883,0.268,Semiconductor,R3,146,33
K3Cd3SbO9_id4506_Final_E-3.28.cif,K3Cd3SbO9,-3.283,0.234,Semiconductor,P-6m2,187,16
LiTe6_id4295_Final_E-3.27.cif,LiTe6,-3.2723,0.915,Semiconductor,P-42m,111,7
K2Ba4PO_id2345_Final_E-3.27.cif,K2Ba4PO,-3.2714,0.195,Semiconductor,C2,5,24
Na7S3_id3384_Final_E-3.26.cif,Na7S3,-3.256,1.156,Semiconductor,I-43d,220,40
Li5Zn2Te2(SeS)2_id3214_Final_E-3.26.cif,Li5Zn2Te2(SeS)2,-3.255,0.668,Semiconductor,P4_2mc,105,26
Ba(LiGe)2_id4312_Final_E-3.25.cif,Ba(LiGe)2,-3.25,0.691,Semiconductor,I4/mcm,140,20
Te5Se2_id1767_Final_E-3.25.cif,Te5Se2,-3.2485,0.748,Semiconductor,P3m1,156,7
K6CaS4_id1941_Final_E-3.24.cif,K6CaS4,-3.2436,1.782,Semiconductor,Im-3m,229,22
Al2CdTe4_id3548_Final_E-3.24.cif,Al2CdTe4,-3.236,0.051,Semiconductor,P4/mmm,123,7
NaMg2Al3Te4_id2231_Final_E-3.23.cif,NaMg2Al3Te4,-3.234,0.08,Semiconductor,P2/m,10,20
Li2MgCdTe4_id1056_Final_E-3.23.cif,Li2MgCdTe4,-3.2305,1.289,Semiconductor,Cc,9,32
K4SnTe3_id1967_Final_E-3.22.cif,K4SnTe3,-3.2153,0.122,Semiconductor,I4_1/a,88,32
In3Ga2O_id3773_Final_E-3.21.cif,In3Ga2O,-3.2055,0.215,Semiconductor,Pn-3m,224,12
KSb4AsO2_id172_Final_E-3.20.cif,KSb4AsO2,-3.2021,1.215,Semiconductor,Pmmm,47,8
Zn(TeSe)2_id1361_Final_E-3.20.cif,Zn(TeSe)2,-3.1996,0.671,Semiconductor,Pm,6,5
O2_id355_Final_E-3.20.cif,O2,-3.1987,0.45,Semiconductor,R-3c,167,24
Na3Sb4_id782_Final_E-3.20.cif,Na3Sb4,-3.1975,0.12,Semiconductor,P-1,2,42
Na(CdSe2)2_id792_Final_E-3.20.cif,Na(CdSe2)2,-3.1959,1.677,Semiconductor,P-42m,111,7
Li7As3_id4739_Final_E-3.19.cif,Li7As3,-3.1914,0.99,Semiconductor,Pm-3n,223,20
K3Sb4_id360_Final_E-3.18.cif,K3Sb4,-3.1832,1.258,Semiconductor,P3c1,158,14
Te_id4040_Final_E-3.18.cif,Te,-3.1825,0.768,Semiconductor,Pbca,61,8
KBa4Mg3O3_id1090_Final_E-3.18.cif,KBa4Mg3O3,-3.1825,1.597,Semiconductor,Pm-3n,223,22
Na3O_id4951_Final_E-3.18.cif,Na3O,-3.1787,1.851,Semiconductor,P-1,2,16
Te_id993_Final_E-3.18.cif,Te,-3.1772,0.104,Semiconductor,Pbca,61,8
K4Li2In5GaS4_id4725_Final_E-3.18.cif,K4Li2In5GaS4,-3.1752,0.078,Semiconductor,Cm,8,32
Te_id4116_Final_E-3.17.cif,Te,-3.1703,0.592,Semiconductor,Pbcn,60,12
Te_id2855_Final_E-3.17.cif,Te,-3.1663,0.741,Semiconductor,P4_222,93,12
Te_id3990_Final_E-3.16.cif,Te,-3.161,0.318,Semiconductor,Pbca,61,8
BaLi2Sb_id1096_Final_E-3.16.cif,BaLi2Sb,-3.1601,0.364,Semiconductor,Immm,71,8
Ca2ZnAs_id4532_Final_E-3.16.cif,Ca2ZnAs,-3.1561,0.174,Semiconductor,P6_3/mmc,194,8
Te_id1960_Final_E-3.15.cif,Te,-3.1527,0.968,Semiconductor,P2_12_12_1,19,8
Te_id1288_Final_E-3.15.cif,Te,-3.1522,1.367,Semiconductor,P2_12_12,18,8
Te_id1396_Final_E-3.15.cif,Te,-3.1516,0.249,Semiconductor,Pbca,61,8
NaCa4Zn3O3_id399_Final_E-3.15.cif,NaCa4Zn3O3,-3.1506,0.369,Semiconductor,Pm-3n,223,22
NaCa4Zn3O3_id4154_Final_E-3.15.cif,NaCa4Zn3O3,-3.1506,0.372,Semiconductor,Pm-3n,223,22
Li2Zn4CdPS4_id3332_Final_E-3.15.cif,Li2Zn4CdPS4,-3.149,0.528,Semiconductor,P-42c,112,24
Te_id2250_Final_E-3.14.cif,Te,-3.1431,0.995,Semiconductor,P4/m,83,8
Te_id593_Final_E-3.14.cif,Te,-3.1425,0.914,Semiconductor,P6_3/m,176,14
Zn2GeB_id2900_Final_E-3.14.cif,Zn2GeB,-3.1424,0.907,Semiconductor,P6_222,180,12
Na2LiSn2Te_id2881_Final_E-3.14.cif,Na2LiSn2Te,-3.1415,0.398,Semiconductor,P-1,2,12
Te_id2692_Final_E-3.14.cif,Te,-3.1414,0.33,Semiconductor,P2_12_12_1,19,16
NaCdInSn6Sb_id688_Final_E-3.14.cif,NaCdInSn6Sb,-3.1362,0.094,Semiconductor,P312,149,10
Li3Sb_id3731_Final_E-3.11.cif,Li3Sb,-3.1148,0.194,Semiconductor,Pa-3,205,16
KNaSnP_id4268_Final_E-3.11.cif,KNaSnP,-3.1128,0.995,Semiconductor,P4_2/mmc,131,8
Na2ZnP2_id2295_Final_E-3.10.cif,Na2ZnP2,-3.1,0.877,Semiconductor,P4/mnc,128,20
KSr3N_id264_Final_E-3.09.cif,KSr3N,-3.0931,0.628,Semiconductor,Pm-3m,221,5
KCdGaTeSe2_id1623_Final_E-3.07.cif,KCdGaTeSe2,-3.0734,0.149,Semiconductor,Pca2_1,29,24
K4BaNaLiCd3InSnGe2AsP2O_id1500_Final_E-3.06.cif,K4BaNaLiCd3InSnGe2AsP2O,-3.0559,0.376,Semiconductor,P3_1,144,54
K2SiGe_id2407_Final_E-3.04.cif,K2SiGe,-3.0356,1.382,Semiconductor,P4_32_12,96,16
NaSr3Sb2_id3045_Final_E-3.01.cif,NaSr3Sb2,-3.0068,0.095,Semiconductor,P6_5,170,36
KNa3TeSe2_id3309_Final_E-3.00.cif,KNa3TeSe2,-3.0031,0.063,Semiconductor,R-3m,166,21
K4Na2SbS2_id3623_Final_E-2.99.cif,K4Na2SbS2,-2.9945,1.572,Semiconductor,Imm2,44,18
LiMgTe_id2638_Final_E-2.98.cif,LiMgTe,-2.9787,1.16,Semiconductor,F-43m,216,12
O2_id4222_Final_E-2.98.cif,O2,-2.9774,2.61,Semiconductor,R-3c,167,24
K3O_id4302_Final_E-2.96.cif,K3O,-2.9613,0.279,Semiconductor,R-3c,167,24
Ba4Sb_id3196_Final_E-2.95.cif,Ba4Sb,-2.9539,0.283,Semiconductor,Pban,50,10
Na(LiSe2)3_id701_Final_E-2.92.cif,Na(LiSe2)3,-2.9247,0.211,Semiconductor,Im-3m,229,20
K3SrInSn5_id2394_Final_E-2.91.cif,K3SrInSn5,-2.9078,0.402,Semiconductor,P1,1,20
Zn2CdS2_id4139_Final_E-2.90.cif,Zn2CdS2,-2.8964,1.63,Semiconductor,Pca2_1,29,20
K3Ge4_id4664_Final_E-2.88.cif,K3Ge4,-2.8786,1.129,Semiconductor,P6mm,183,7
Na4Sb3_id4984_Final_E-2.86.cif,Na4Sb3,-2.8604,0.782,Semiconductor,P4_22_12,94,14
Na5Ti2In_id2456_Final_E-2.85.cif,Na5Ti2In,-2.8526,0.407,Semiconductor,P-1,2,16
Cd4O3_id2377_Final_E-2.85.cif,Cd4O3,-2.852,0.531,Semiconductor,P1,1,28
Mg3ZnAs6_id2065_Final_E-2.83.cif,Mg3ZnAs6,-2.8293,1.02,Semiconductor,Fm-3m,225,40
Na4Ge3_id3361_Final_E-2.82.cif,Na4Ge3,-2.8169,0.688,Semiconductor,P1,1,28
K3ScTe3_id4110_Final_E-2.81.cif,K3ScTe3,-2.8109,0.307,Semiconductor,Pm-3n,223,14
Ge3As2Se_id1610_Final_E-2.80.cif,Ge3As2Se,-2.7998,0.872,Semiconductor,P4/mmm,123,6
Na4As3_id1032_Final_E-2.80.cif,Na4As3,-2.7983,1.227,Semiconductor,I-43d,220,28
Li3CdTe3_id4107_Final_E-2.78.cif,Li3CdTe3,-2.7818,1.582,Semiconductor,Pm-3n,223,14
Ba2As5_id2274_Final_E-2.77.cif,Ba2As5,-2.7673,0.077,Semiconductor,P6_3/mcm,193,14
Na2P_id2760_Final_E-2.76.cif,Na2P,-2.7577,1.163,Semiconductor,P4_12_12,92,12
Li9GeAs4_id2167_Final_E-2.75.cif,Li9GeAs4,-2.7547,0.511,Semiconductor,Im-3m,229,28
KSn_id2533_Final_E-2.75.cif,KSn,-2.7545,0.184,Semiconductor,Fd-3m,227,8
Na2Te_id4419_Final_E-2.70.cif,Na2Te,-2.7039,1.767,Semiconductor,P2_1,4,12
CaZnTe_id2740_Final_E-2.69.cif,CaZnTe,-2.6935,1.104,Semiconductor,P6_3/mmc,194,6
K4Na4InTe4_id294_Final_E-2.69.cif,K4Na4InTe4,-2.6929,1.73,Semiconductor,I4/m,87,26
Ge2TeAsSe2_id4386_Final_E-2.69.cif,Ge2TeAsSe2,-2.6926,1.218,Semiconductor,P4/mmm,123,6
KNa2Cd(GaSi)2_id1807_Final_E-2.67.cif,KNa2Cd(GaSi)2,-2.6715,0.694,Semiconductor,P6_1,169,48
Be(ZnAs)3_id213_Final_E-2.67.cif,Be(ZnAs)3,-2.6671,1.051,Semiconductor,Pm-3n,223,14
In4Sb_id2293_Final_E-2.66.cif,In4Sb,-2.664,0.053,Semiconductor,Pm-3m,221,5
Na6SnSb4_id2546_Final_E-2.64.cif,Na6SnSb4,-2.6445,0.408,Semiconductor,Im-3m,229,22
K4LiSb3_id2105_Final_E-2.57.cif,K4LiSb3,-2.5735,0.795,Semiconductor,Im-3m,229,16
ZnTe2_id2242_Final_E-2.57.cif,ZnTe2,-2.5682,0.932,Semiconductor,Pn-3m,224,6
KBaSrCa2Be2Zn4CdSbTeAs2_id4592_Final_E-2.57.cif,KBaSrCa2Be2Zn4CdSbTeAs2,-2.5678,0.632,Semiconductor,P3_1,144,48
K4Sn2Sb_id4042_Final_E-2.57.cif,K4Sn2Sb,-2.5672,0.446,Semiconductor,P4_2/m,84,14
InGaPCSe3SN3_id3049_Final_E-2.54.cif,InGaPCSe3SN3,-2.5442,2.285,Semiconductor,Pna2_1,33,44
K2Li2Sb_id4203_Final_E-2.49.cif,K2Li2Sb,-2.4949,1.222,Semiconductor,C222_1,20,20
Na3Te_id2726_Final_E-2.49.cif,Na3Te,-2.4924,1.485,Semiconductor,Cmme,67,16
K4InSn4_id2193_Final_E-2.48.cif,K4InSn4,-2.4751,0.726,Semiconductor,P3,143,9
KBaLi2Ge_id1602_Final_E-2.45.cif,KBaLi2Ge,-2.4504,0.191,Semiconductor,I-4m2,119,10
K4TiIn4_id4601_Final_E-2.45.cif,K4TiIn4,-2.4451,0.769,Semiconductor,P-42_1c,114,18
K8NaSrSe4_id234_Final_E-2.44.cif,K8NaSrSe4,-2.442,0.165,Semiconductor,I4_1/a,88,56
Li25Sb4_id2857_Final_E-2.44.cif,Li25Sb4,-2.4411,0.848,Semiconductor,P2,3,29
Na3Sn2_id1850_Final_E-2.44.cif,Na3Sn2,-2.4391,0.148,Semiconductor,I-43m,217,20
K6Na7ZnGa2GeSbAs3_id1148_Final_E-2.43.cif,K6Na7ZnGa2GeSbAs3,-2.4267,0.93,Semiconductor,P1,1,21
Li7Ge_id39_Final_E-2.41.cif,Li7Ge,-2.4062,0.308,Semiconductor,Im-3m,229,16
Na4GeSb_id3447_Final_E-2.39.cif,Na4GeSb,-2.3871,0.845,Semiconductor,Cmcm,63,24
Na6InSb2_id4380_Final_E-2.37.cif,Na6InSb2,-2.3728,0.369,Semiconductor,P-3m1,164,18
ZnGa2Sn_id4560_Final_E-2.35.cif,ZnGa2Sn,-2.3493,0.071,Semiconductor,Pmmm,47,4
Na2Si_id4772_Final_E-2.33.cif,Na2Si,-2.3316,0.054,Semiconductor,Pa-3,205,12
K7Ga(TeO)4_id2527_Final_E-2.32.cif,K7Ga(TeO)4,-2.3216,0.544,Semiconductor,P-43m,215,16
K2InGa2_id342_Final_E-2.31.cif,K2InGa2,-2.3127,0.415,Semiconductor,Ibca,73,40
BaNaLiAs_id2210_Final_E-2.31.cif,BaNaLiAs,-2.3075,0.85,Semiconductor,P4_2/mmc,131,8
Ba2CaS_id2714_Final_E-2.30.cif,Ba2CaS,-2.3044,0.978,Semiconductor,I4/mmm,139,8
K5S2_id338_Final_E-2.23.cif,K5S2,-2.2329,2.34,Semiconductor,P6/mmm,191,7
Na3Ge_id933_Final_E-2.19.cif,Na3Ge,-2.1881,0.08,Semiconductor,Pm-3n,223,8
K3NaTi6_id3745_Final_E-2.17.cif,K3NaTi6,-2.1729,0.12,Semiconductor,Im-3m,229,20
K3N_id3493_Final_E-2.15.cif,K3N,-2.1515,2.024,Semiconductor,Pm-3m,221,32
K3(NaTe)2_id4666_Final_E-2.13.cif,K3(NaTe)2,-2.1345,1.047,Semiconductor,P1,1,14
Li6TiZn2_id2978_Final_E-2.11.cif,Li6TiZn2,-2.1071,0.588,Semiconductor,Fm-3m,225,36
Na(AlZn)2_id1613_Final_E-2.10.cif,Na(AlZn)2,-2.0974,0.661,Semiconductor,I4/mcm,140,20
NaIn_id3003_Final_E-2.10.cif,NaIn,-2.0972,0.778,Semiconductor,Cmcm,63,8
KNa7Sb2_id29_Final_E-2.10.cif,KNa7Sb2,-2.0971,0.732,Semiconductor,P1,1,10
K2CdInSn_id3044_Final_E-2.08.cif,K2CdInSn,-2.0794,0.223,Semiconductor,P-1,2,10
K2Na2BeCdGaTe_id975_Final_E-2.03.cif,K2Na2BeCdGaTe,-2.0251,0.135,Semiconductor,P6,168,48
K2Ge_id3383_Final_E-2.00.cif,K2Ge,-1.9965,0.06,Semiconductor,Pa-3,205,12
Li2Ga2Te3_id156_Final_E-1.97.cif,Li2Ga2Te3,-1.9719,0.336,Semiconductor,I4_132,214,28
KNa2LiCdSb_id3568_Final_E-1.94.cif,KNa2LiCdSb,-1.9405,0.291,Semiconductor,P1,1,24
Li4Te3_id188_Final_E-1.93.cif,Li4Te3,-1.9337,1.049,Semiconductor,I4_132,214,28
Na4Mg3(In2Sn)2_id672_Final_E-1.90.cif,Na4Mg3(In2Sn)2,-1.8973,0.345,Semiconductor,P4_232,208,26
K4Na3Sn2_id1459_Final_E-1.88.cif,K4Na3Sn2,-1.8777,0.069,Semiconductor,P4/ncc,130,36
K3Na3Li2(ZnGa)4_id3998_Final_E-1.85.cif,K3Na3Li2(ZnGa)4,-1.8453,0.072,Semiconductor,C2,5,32
K2Na6Li2GaAs_id885_Final_E-1.82.cif,K2Na6Li2GaAs,-1.8245,0.146,Semiconductor,P3_112,151,36
K2Ga2Si_id3059_Final_E-1.80.cif,K2Ga2Si,-1.796,0.524,Semiconductor,I4/mmm,139,10
K5CdIn3Ga_id1632_Final_E-1.78.cif,K5CdIn3Ga,-1.7834,0.282,Semiconductor,P4_3,78,40
Na7In3_id2973_Final_E-1.77.cif,Na7In3,-1.7695,0.703,Semiconductor,I-43d,220,40
Na7In3_id716_Final_E-1.77.cif,Na7In3,-1.7693,0.694,Semiconductor,I-43d,220,40
K4Ti2Si_id921_Final_E-1.76.cif,K4Ti2Si,-1.7632,0.4,Semiconductor,P4/mcc,124,28
BaNa4Cd4Ge_id4796_Final_E-1.69.cif,BaNa4Cd4Ge,-1.6939,0.32,Semiconductor,I4_1/a,88,40
Be3Cd3P_id385_Final_E-1.68.cif,Be3Cd3P,-1.683,0.299,Semiconductor,Pm-3n,223,14
K3In2_id1341_Final_E-1.68.cif,K3In2,-1.6813,0.324,Semiconductor,I4/mmm,139,20
BaNa4Ge_id421_Final_E-1.68.cif,BaNa4Ge,-1.6752,0.811,Semiconductor,Pnn2,34,12
CaZnCd_id2442_Final_E-1.66.cif,CaZnCd,-1.6627,0.058,Semiconductor,P6_3/mmc,194,6
In7TeS4_id3064_Final_E-1.64.cif,In7TeS4,-1.6377,1.196,Semiconductor,F-43m,216,48
K3Zn2O_id2025_Final_E-1.59.cif,K3Zn2O,-1.5934,0.275,Semiconductor,Pn-3m,224,12
KNa2Ga_id3005_Final_E-1.59.cif,KNa2Ga,-1.5889,0.119,Semiconductor,P2/m,10,16
Na2CdIn2_id1862_Final_E-1.54.cif,Na2CdIn2,-1.5366,0.416,Semiconductor,P4_222,93,20
K2NaCd3In2_id3955_Final_E-1.52.cif,K2NaCd3In2,-1.5151,0.136,Semiconductor,P-1,2,16
K24Ti12As_id551_Final_E-1.51.cif,K24Ti12As,-1.5053,0.492,Semiconductor,Pm-3,200,37
KNaCdGa_id4237_Final_E-1.48.cif,KNaCdGa,-1.4806,0.219,Semiconductor,P4_122,91,16
K2Cd2Ga_id1864_Final_E-1.45.cif,K2Cd2Ga,-1.4523,0.384,Semiconductor,P2_12_12,18,10
K2Ga_id3698_Final_E-1.43.cif,K2Ga,-1.4266,0.664,Semiconductor,Pa-3,205,12
K4Cd8Si_id2556_Final_E-1.36.cif,K4Cd8Si,-1.3581,0.164,Semiconductor,P-42_1c,114,26
NaCdIn_id1675_Final_E-1.30.cif,NaCdIn,-1.2976,0.158,Semiconductor,P4/mmm,123,12
K7CdSnSb_id2735_Final_E-1.29.cif,K7CdSnSb,-1.2929,0.106,Semiconductor,P312,149,10
Na5(LiCd2)2_id3542_Final_E-1.28.cif,Na5(LiCd2)2,-1.2775,0.116,Semiconductor,C2/m,12,22
K2Na2Cd2Ga_id2658_Final_E-1.27.cif,K2Na2Cd2Ga,-1.2743,0.162,Semiconductor,Cmce,64,28
Na3CaZn4_id4931_Final_E-1.25.cif,Na3CaZn4,-1.2452,0.063,Semiconductor,P4_2/m,84,16
Li9Mg3InSn_id559_Final_E-1.13.cif,Li9Mg3InSn,-1.1295,0.851,Semiconductor,Pm-3m,221,14
Na2Zn_id2297_Final_E-1.13.cif,Na2Zn,-1.1281,0.583,Semiconductor,Pa-3,205,12
Zn3In_id209_Final_E-1.13.cif,Zn3In,-1.1278,0.091,Semiconductor,Pmmm,47,4
K4Zn6In_id1311_Final_E-1.10.cif,K4Zn6In,-1.0962,0.576,Semiconductor,Im-3m,229,22
Zn4InGaP2_id2014_Final_E-1.05.cif,Zn4InGaP2,-1.0507,3.059,Semiconductor,P4/mmm,123,48
K7NaCd6_id3600_Final_E-1.03.cif,K7NaCd6,-1.0346,0.376,Semiconductor,R-3,148,42
K3MgZn2_id2162_Final_E-0.99.cif,K3MgZn2,-0.9924,0.425,Semiconductor,Pn-3m,224,12
K3Cd4_id3699_Final_E-0.91.cif,K3Cd4,-0.9097,0.677,Semiconductor,I-4c2,120,28
K(NaCd)2_id2583_Final_E-0.87.cif,K(NaCd)2,-0.8679,0.378,Semiconductor,Pn-3m,224,10
K8Na(ZnCd3)2_id1757_Final_E-0.83.cif,K8Na(ZnCd3)2,-0.828,0.186,Semiconductor,P-1,2,17
NaLiCd_id4880_Final_E-0.77.cif,NaLiCd,-0.7697,0.308,Semiconductor,P4_2/mmc,131,6
Na2Ca2In_id3674_Final_E-0.70.cif,Na2Ca2In,-0.7004,1.885,Semiconductor,C2/m,12,10
K10Ba9_id624_Final_E-0.61.cif,K10Ba9,-0.6079,1.309,Semiconductor,P4_232,208,38
Cd_id2441_Final_E-0.43.cif,Cd,-0.4299,0.922,Semiconductor,Pn-3m,224,16
