file_name,formula,energy,bandgap,type,space_group_symbol,space_group_number,num_atoms,Application_Class
Ti3O7_id1090_Final_E-8.49.cif,Ti3O7,-8.4865,0.45,Semiconductor,P1,1,20,IR / Narrow-Gap
CaN30_id761_Final_E-8.25.cif,CaN30,-8.2541,0.929,Semiconductor,P3,143,93,IR / Narrow-Gap
Ti2C7_id2655_Final_E-8.24.cif,Ti2C7,-8.2416,1.719,Semiconductor,C2,5,36,Solar / Visible
Li2Ti2O5_id2311_Final_E-7.93.cif,Li2Ti2O5,-7.933,2.906,Semiconductor,Pbcn,60,36,Wide-Gap Power/LED
MgN14_id1582_Final_E-7.87.cif,MgN14,-7.8743,1.341,Semiconductor,Cc,9,60,Solar / Visible
SrN10_id1581_Final_E-7.86.cif,SrN10,-7.8577,2.23,Semiconductor,Fdd2,43,44,Wide-Gap Power/LED
Sc3GeN_id866_Final_E-7.75.cif,Sc3GeN,-7.7524,0.252,Semiconductor,Pm-3m,221,5,IR / Narrow-Gap
Sc2GaSiO4_id2705_Final_E-7.71.cif,Sc2GaSiO4,-7.7082,3.459,Semiconductor,Ccc2,37,16,Wide-Gap Power/LED
Ba(N4O)3_id2670_Final_E-7.66.cif,Ba(N4O)3,-7.6625,2.964,Semiconductor,P-1,2,32,Wide-Gap Power/LED
Ti3(SnO)2_id3279_Final_E-7.40.cif,Ti3(SnO)2,-7.403,0.343,Semiconductor,P4/mnc,128,28,IR / Narrow-Gap
SrGa(SiO3)2_id1687_Final_E-7.31.cif,SrGa(SiO3)2,-7.3095,2.774,Semiconductor,P1,1,10,Wide-Gap Power/LED
NaCaSc2O6_id741_Final_E-7.28.cif,NaCaSc2O6,-7.2819,3.108,Semiconductor,P1,1,10,Wide-Gap Power/LED
AlN_id2713_Final_E-7.22.cif,AlN,-7.2236,3.087,Semiconductor,Fmm2,42,16,Wide-Gap Power/LED
N2O_id759_Final_E-7.19.cif,N2O,-7.1944,0.987,Semiconductor,P2_1,4,12,IR / Narrow-Gap
Ti2B7_id3116_Final_E-7.14.cif,Ti2B7,-7.1411,1.448,Semiconductor,C222_1,20,36,Solar / Visible
LiTiN_id1437_Final_E-7.13.cif,LiTiN,-7.1331,1.48,Semiconductor,P2_12_12_1,19,12,Solar / Visible
TiSeO3_id842_Final_E-7.12.cif,TiSeO3,-7.1246,1.793,Semiconductor,P6_3mc,186,10,Solar / Visible
TiGaO_id2817_Final_E-7.08.cif,TiGaO,-7.082,0.893,Semiconductor,P2_1/c,14,24,IR / Narrow-Gap
Al2C2O3_id359_Final_E-7.05.cif,Al2C2O3,-7.0459,0.295,Semiconductor,Pbcn,60,28,IR / Narrow-Gap
Ca2N5_id2630_Final_E-7.03.cif,Ca2N5,-7.0287,0.453,Semiconductor,Pccn,56,28,IR / Narrow-Gap
B2PC8_id2556_Final_E-6.99.cif,B2PC8,-6.9866,2.41,Semiconductor,C2,5,22,Wide-Gap Power/LED
TiS_id3172_Final_E-6.94.cif,TiS,-6.9365,2.151,Semiconductor,Pm-3m,221,24,Wide-Gap Power/LED
InCO4_id1566_Final_E-6.71.cif,InCO4,-6.7136,3.02,Semiconductor,I4_1/a,88,24,Wide-Gap Power/LED
Ge2O3_id247_Final_E-6.61.cif,Ge2O3,-6.6057,0.556,Semiconductor,P2_1/c,14,20,IR / Narrow-Gap
NO_id3379_Final_E-6.61.cif,NO,-6.6051,2.183,Semiconductor,Pbca,61,16,Wide-Gap Power/LED
Mg5N12_id2310_Final_E-6.60.cif,Mg5N12,-6.6024,1.504,Semiconductor,P-42_1c,114,34,Solar / Visible
Ti7GaO6_id1510_Final_E-6.59.cif,Ti7GaO6,-6.5927,1.491,Semiconductor,P1,1,56,Solar / Visible
Ca2Si2C15_id2917_Final_E-6.57.cif,Ca2Si2C15,-6.5678,0.903,Semiconductor,P1,1,57,IR / Narrow-Gap
MgN2_id2298_Final_E-6.51.cif,MgN2,-6.5083,2.782,Semiconductor,P-6m2,187,3,Wide-Gap Power/LED
TiB5C14N_id3134_Final_E-6.49.cif,TiB5C14N,-6.4936,0.673,Semiconductor,P2_12_12_1,19,84,IR / Narrow-Gap
AlB3PO16_id1635_Final_E-6.48.cif,AlB3PO16,-6.4836,0.569,Semiconductor,P2_1,4,42,IR / Narrow-Gap
NaLi2TiO4_id1572_Final_E-6.42.cif,NaLi2TiO4,-6.4222,2.594,Semiconductor,Pnn2,34,16,Wide-Gap Power/LED
Sc3Se4_id2748_Final_E-6.38.cif,Sc3Se4,-6.3804,0.546,Semiconductor,I-43d,220,28,IR / Narrow-Gap
GeO2_id345_Final_E-6.30.cif,GeO2,-6.2981,1.04,Semiconductor,P4/nnc,126,24,Solar / Visible
Ca3MgNO3_id893_Final_E-6.24.cif,Ca3MgNO3,-6.2438,2.222,Semiconductor,Pm-3m,221,8,Wide-Gap Power/LED
BeC_id763_Final_E-6.18.cif,BeC,-6.1842,0.57,Semiconductor,Pbca,61,16,IR / Narrow-Gap
Ti2Be2B_id2089_Final_E-6.14.cif,Ti2Be2B,-6.1396,2.011,Semiconductor,P6_422,181,15,Wide-Gap Power/LED
Ti11Zn2_id361_Final_E-6.09.cif,Ti11Zn2,-6.0924,0.318,Semiconductor,P1,1,26,IR / Narrow-Gap
Sc4GeSe3_id383_Final_E-6.09.cif,Sc4GeSe3,-6.0888,0.421,Semiconductor,P2_1/c,14,16,IR / Narrow-Gap
BeSbCN_id2793_Final_E-6.09.cif,BeSbCN,-6.0877,0.373,Semiconductor,Pca2_1,29,16,IR / Narrow-Gap
ZnCd(S2N3)4_id2737_Final_E-6.07.cif,ZnCd(S2N3)4,-6.0712,0.362,Semiconductor,P-1,2,66,IR / Narrow-Gap
Sc3B4_id629_Final_E-6.07.cif,Sc3B4,-6.0666,0.051,Semiconductor,P4_2/nnm,134,28,IR / Narrow-Gap
TiO6_id2542_Final_E-6.05.cif,TiO6,-6.0537,1.695,Semiconductor,P-1,2,7,Solar / Visible
Ba2LiPO5_id3151_Final_E-6.02.cif,Ba2LiPO5,-6.0169,1.997,Semiconductor,Cmcm,63,36,Solar / Visible
CaSn2(GeO2)2_id2709_Final_E-6.01.cif,CaSn2(GeO2)2,-6.0109,0.905,Semiconductor,P4_2/m,84,18,IR / Narrow-Gap
AlNO_id3146_Final_E-6.00.cif,AlNO,-6.0043,2.574,Semiconductor,Pca2_1,29,12,Wide-Gap Power/LED
GeSbNO2_id2378_Final_E-5.99.cif,GeSbNO2,-5.9914,0.885,Semiconductor,Pca2_1,29,20,IR / Narrow-Gap
CaInP2O9_id2574_Final_E-5.98.cif,CaInP2O9,-5.9754,1.662,Semiconductor,P1,1,52,Solar / Visible
SrO_id2868_Final_E-5.97.cif,SrO,-5.9724,0.052,Semiconductor,P4_2/mmc,131,4,IR / Narrow-Gap
BaInGaO3_id3354_Final_E-5.93.cif,BaInGaO3,-5.9262,1.095,Semiconductor,Pcc2,27,24,Solar / Visible
ZnBO4_id1311_Final_E-5.93.cif,ZnBO4,-5.9257,3.094,Semiconductor,Ccc2,37,24,Wide-Gap Power/LED
N2O5_id2950_Final_E-5.88.cif,N2O5,-5.8807,0.897,Semiconductor,P1,1,56,IR / Narrow-Gap
BaCaO4_id1287_Final_E-5.83.cif,BaCaO4,-5.8283,2.169,Semiconductor,Pban,50,12,Wide-Gap Power/LED
Ga(GeO2)2_id1277_Final_E-5.83.cif,Ga(GeO2)2,-5.8283,0.49,Semiconductor,P1,1,28,IR / Narrow-Gap
N2O3_id2019_Final_E-5.81.cif,N2O3,-5.8143,0.729,Semiconductor,Pccn,56,20,IR / Narrow-Gap
K3Ti2(Ga3O5)2_id311_Final_E-5.81.cif,K3Ti2(Ga3O5)2,-5.8064,1.892,Semiconductor,P1,1,63,Solar / Visible
Ca2TiSN2_id413_Final_E-5.79.cif,Ca2TiSN2,-5.7879,1.816,Semiconductor,C2,5,24,Solar / Visible
PO3_id393_Final_E-5.75.cif,PO3,-5.7536,0.257,Semiconductor,P-62m,189,12,IR / Narrow-Gap
Ge(B2N)2_id731_Final_E-5.75.cif,Ge(B2N)2,-5.7529,1.935,Semiconductor,P1,1,14,Solar / Visible
B(AsN)12_id933_Final_E-5.75.cif,B(AsN)12,-5.747,2.325,Semiconductor,I432,211,50,Wide-Gap Power/LED
Ge3PO2_id3118_Final_E-5.68.cif,Ge3PO2,-5.6754,1.155,Semiconductor,Pc,7,12,Solar / Visible
NaGeO2_id1660_Final_E-5.64.cif,NaGeO2,-5.639,1.798,Semiconductor,I4_122,98,16,Solar / Visible
NaAl(C3O2)2_id2570_Final_E-5.63.cif,NaAl(C3O2)2,-5.6272,1.56,Semiconductor,P222,16,24,Solar / Visible
LiGaP2O13_id2782_Final_E-5.62.cif,LiGaP2O13,-5.6166,1.636,Semiconductor,P1,1,34,Solar / Visible
Si3(B2P)2_id2161_Final_E-5.61.cif,Si3(B2P)2,-5.6136,0.092,Semiconductor,P1,1,18,IR / Narrow-Gap
BaNO_id3332_Final_E-5.60.cif,BaNO,-5.5963,1.008,Semiconductor,P4_2/mmc,131,6,Solar / Visible
K2(SnO2)3_id2820_Final_E-5.59.cif,K2(SnO2)3,-5.5917,0.466,Semiconductor,P6_3/mmc,194,22,IR / Narrow-Gap
Li2As2N2O_id813_Final_E-5.58.cif,Li2As2N2O,-5.5787,1.795,Semiconductor,P2_1/c,14,28,Solar / Visible
KZn2BO4_id1310_Final_E-5.58.cif,KZn2BO4,-5.5756,2.478,Semiconductor,P1,1,24,Wide-Gap Power/LED
P3NO5_id126_Final_E-5.56.cif,P3NO5,-5.56,1.88,Semiconductor,P1,1,36,Solar / Visible
Sc3SnTe4_id2764_Final_E-5.56.cif,Sc3SnTe4,-5.5565,0.503,Semiconductor,Pm-3m,221,8,IR / Narrow-Gap
MgO2_id1179_Final_E-5.56.cif,MgO2,-5.5552,2.776,Semiconductor,Pbca,61,12,Wide-Gap Power/LED
Ba2Ti3S4_id75_Final_E-5.50.cif,Ba2Ti3S4,-5.4991,1.354,Semiconductor,I4/mmm,139,36,Solar / Visible
Li2Mg(AsO3)2_id958_Final_E-5.49.cif,Li2Mg(AsO3)2,-5.4885,1.761,Semiconductor,P4/mnc,128,44,Solar / Visible
Li7BSb2O11_id283_Final_E-5.49.cif,Li7BSb2O11,-5.4882,3.352,Semiconductor,P1,1,84,Wide-Gap Power/LED
ScGa3(AsO2)6_id2885_Final_E-5.47.cif,ScGa3(AsO2)6,-5.4747,1.335,Semiconductor,P6_3,173,44,Solar / Visible
MgGaN2_id1828_Final_E-5.43.cif,MgGaN2,-5.4283,1.809,Semiconductor,P4/mmm,123,8,Solar / Visible
ScTeS2_id2035_Final_E-5.43.cif,ScTeS2,-5.426,0.259,Semiconductor,P1,1,4,IR / Narrow-Gap
SiGe6O23_id3247_Final_E-5.42.cif,SiGe6O23,-5.4204,2.32,Semiconductor,P1,1,30,Wide-Gap Power/LED
MgSc3O18_id1067_Final_E-5.40.cif,MgSc3O18,-5.4015,1.533,Semiconductor,P1,1,44,Solar / Visible
Sr2CSO_id1998_Final_E-5.40.cif,Sr2CSO,-5.4009,2.004,Semiconductor,P1,1,5,Wide-Gap Power/LED
KIn(TeO3)4_id2069_Final_E-5.38.cif,KIn(TeO3)4,-5.3815,2.432,Semiconductor,P-1,2,36,Wide-Gap Power/LED
Ba4LiIn3O6_id1476_Final_E-5.36.cif,Ba4LiIn3O6,-5.3621,0.351,Semiconductor,Im-3m,229,28,IR / Narrow-Gap
Ti(InS2)2_id3364_Final_E-5.36.cif,Ti(InS2)2,-5.3595,0.308,Semiconductor,Pban,50,14,IR / Narrow-Gap
B2As2S3_id2138_Final_E-5.35.cif,B2As2S3,-5.3497,1.712,Semiconductor,P4_2mc,105,14,Solar / Visible
NaIn(SO4)3_id1773_Final_E-5.33.cif,NaIn(SO4)3,-5.3286,0.708,Semiconductor,P1,1,34,IR / Narrow-Gap
TiO2_id269_Final_E-5.30.cif,TiO2,-5.302,2.201,Semiconductor,Pm,6,12,Wide-Gap Power/LED
Mg2Ti2CO2_id474_Final_E-5.30.cif,Mg2Ti2CO2,-5.3015,1.645,Semiconductor,P1,1,28,Solar / Visible
MgN_id873_Final_E-5.30.cif,MgN,-5.3014,0.313,Semiconductor,Cm,8,8,IR / Narrow-Gap
GaO_id1406_Final_E-5.25.cif,GaO,-5.2507,1.81,Semiconductor,P4_2/ncm,138,8,Solar / Visible
ScSiO19_id990_Final_E-5.23.cif,ScSiO19,-5.2318,2.276,Semiconductor,P1,1,42,Wide-Gap Power/LED
CaZn5(GaO2)6_id1896_Final_E-5.22.cif,CaZn5(GaO2)6,-5.2238,1.057,Semiconductor,P1,1,24,Solar / Visible
KAlZn2O6_id2493_Final_E-5.21.cif,KAlZn2O6,-5.2096,2.665,Semiconductor,P1,1,10,Wide-Gap Power/LED
BaN20_id2964_Final_E-5.21.cif,BaN20,-5.206,1.782,Semiconductor,Pm,6,84,Solar / Visible
ScTiO18_id3079_Final_E-5.20.cif,ScTiO18,-5.1952,0.14,Semiconductor,P1,1,40,IR / Narrow-Gap
BaLi4O8_id1616_Final_E-5.19.cif,BaLi4O8,-5.1889,3.197,Semiconductor,P-1,2,26,Wide-Gap Power/LED
K(AsO)2_id3386_Final_E-5.16.cif,K(AsO)2,-5.1634,1.005,Semiconductor,P4/mnc,128,20,Solar / Visible
NaSn5(GeO2)2_id2614_Final_E-5.16.cif,NaSn5(GeO2)2,-5.1566,0.082,Semiconductor,P-4m2,115,12,IR / Narrow-Gap
LiSO_id1782_Final_E-5.14.cif,LiSO,-5.1351,1.871,Semiconductor,P1,1,12,Solar / Visible
MgInO6_id843_Final_E-5.10.cif,MgInO6,-5.1049,1.87,Semiconductor,P-31c,163,16,Solar / Visible
K4Te13O24_id448_Final_E-5.10.cif,K4Te13O24,-5.1042,0.951,Semiconductor,Pn-3n,222,82,IR / Narrow-Gap
LiAsO6_id3323_Final_E-5.10.cif,LiAsO6,-5.0989,3.379,Semiconductor,P6_322,182,16,Wide-Gap Power/LED
Sr3Ca3N4_id2093_Final_E-5.10.cif,Sr3Ca3N4,-5.096,0.094,Semiconductor,P1,1,40,IR / Narrow-Gap
KCaO8_id3371_Final_E-5.10.cif,KCaO8,-5.0953,0.218,Semiconductor,P4/nbm,125,20,IR / Narrow-Gap
Ca4C7N3_id2002_Final_E-5.08.cif,Ca4C7N3,-5.0756,0.429,Semiconductor,P1,1,42,IR / Narrow-Gap
Ba3Li2AsO15_id2711_Final_E-5.07.cif,Ba3Li2AsO15,-5.0651,2.704,Semiconductor,P1,1,21,Wide-Gap Power/LED
MgSbO4_id2184_Final_E-5.06.cif,MgSbO4,-5.062,0.92,Semiconductor,Cmmm,65,12,IR / Narrow-Gap
NaAs(SO)4_id242_Final_E-5.06.cif,NaAs(SO)4,-5.0609,2.628,Semiconductor,P-1,2,20,Wide-Gap Power/LED
BeAl2(SN)2_id1608_Final_E-5.05.cif,BeAl2(SN)2,-5.0493,1.89,Semiconductor,P1,1,28,Solar / Visible
Li3ZnBO9_id2644_Final_E-5.04.cif,Li3ZnBO9,-5.0428,2.042,Semiconductor,Pc,7,56,Wide-Gap Power/LED
Ca(SeO)3_id50_Final_E-5.04.cif,Ca(SeO)3,-5.0399,2.548,Semiconductor,P6_3,173,14,Wide-Gap Power/LED
PS_id1223_Final_E-5.01.cif,PS,-5.0144,2.125,Semiconductor,P2_1/c,14,16,Wide-Gap Power/LED
LiAlTe5O4_id350_Final_E-5.01.cif,LiAlTe5O4,-5.0086,1.091,Semiconductor,P2,3,11,Solar / Visible
MgTiGeAs2_id2803_Final_E-5.00.cif,MgTiGeAs2,-4.9982,0.64,Semiconductor,Pmmm,47,10,IR / Narrow-Gap
Be(NO4)2_id2775_Final_E-5.00.cif,Be(NO4)2,-4.9963,1.814,Semiconductor,P1,1,44,Solar / Visible
SiSb(AsP8)2_id863_Final_E-4.99.cif,SiSb(AsP8)2,-4.9876,0.314,Semiconductor,P1,1,20,IR / Narrow-Gap
SbO11_id1039_Final_E-4.99.cif,SbO11,-4.9851,0.557,Semiconductor,P2,3,24,IR / Narrow-Gap
SrZnO4_id1917_Final_E-4.98.cif,SrZnO4,-4.9845,0.369,Semiconductor,P2_12_12,18,12,IR / Narrow-Gap
Li2Sc2SnSe6_id2354_Final_E-4.97.cif,Li2Sc2SnSe6,-4.9719,0.911,Semiconductor,C2/c,15,44,IR / Narrow-Gap
KP2O_id425_Final_E-4.97.cif,KP2O,-4.967,2.544,Semiconductor,P-1,2,16,Wide-Gap Power/LED
Te4AsO4_id2525_Final_E-4.93.cif,Te4AsO4,-4.9342,1.891,Semiconductor,I4_1/a,88,36,Solar / Visible
LiO2_id1950_Final_E-4.93.cif,LiO2,-4.9338,0.301,Semiconductor,P2_1/c,14,12,IR / Narrow-Gap
BaZn2SnO18_id875_Final_E-4.93.cif,BaZn2SnO18,-4.9331,0.789,Semiconductor,P-3,147,22,IR / Narrow-Gap
SbAs3_id917_Final_E-4.93.cif,SbAs3,-4.9252,0.273,Semiconductor,P1,1,32,IR / Narrow-Gap
GaO4_id1353_Final_E-4.89.cif,GaO4,-4.889,0.336,Semiconductor,P-1,2,10,IR / Narrow-Gap
LiMg(SO)2_id898_Final_E-4.88.cif,LiMg(SO)2,-4.8811,2.891,Semiconductor,C222_1,20,24,Wide-Gap Power/LED
SrSi10_id25_Final_E-4.88.cif,SrSi10,-4.878,2.801,Semiconductor,P-1,2,44,Wide-Gap Power/LED
Li2O2_id2344_Final_E-4.87.cif,Li2O2,-4.8662,2.279,Semiconductor,Pna2_1,33,8,Wide-Gap Power/LED
As4SO10_id1003_Final_E-4.86.cif,As4SO10,-4.8642,0.991,Semiconductor,P1,1,120,IR / Narrow-Gap
BeBO2_id1673_Final_E-4.86.cif,BeBO2,-4.8563,2.47,Semiconductor,P6_222,180,12,Wide-Gap Power/LED
K2SbO5_id1613_Final_E-4.85.cif,K2SbO5,-4.8486,0.47,Semiconductor,P1,1,8,IR / Narrow-Gap
Li4O11_id204_Final_E-4.84.cif,Li4O11,-4.84,0.16,Semiconductor,P1,1,15,IR / Narrow-Gap
KMgS2O3_id583_Final_E-4.83.cif,KMgS2O3,-4.8345,0.625,Semiconductor,P1,1,21,IR / Narrow-Gap
Ca4ScTiO_id915_Final_E-4.82.cif,Ca4ScTiO,-4.8204,0.835,Semiconductor,P1,1,21,IR / Narrow-Gap
As2P4NO7_id42_Final_E-4.82.cif,As2P4NO7,-4.8166,1.208,Semiconductor,P1,1,56,Solar / Visible
SeSO2_id711_Final_E-4.82.cif,SeSO2,-4.8162,2.55,Semiconductor,P4_2/mmc,131,16,Wide-Gap Power/LED
KB3_id1483_Final_E-4.81.cif,KB3,-4.8148,1.265,Semiconductor,P6/mmm,191,4,Solar / Visible
KC14_id1243_Final_E-4.81.cif,KC14,-4.8131,0.448,Semiconductor,P1,1,15,IR / Narrow-Gap
BP2_id1000_Final_E-4.81.cif,BP2,-4.8084,1.102,Semiconductor,F-43m,216,12,Solar / Visible
NO19_id255_Final_E-4.81.cif,NO19,-4.8063,1.202,Semiconductor,P2/c,13,80,Solar / Visible
BP12_id3366_Final_E-4.80.cif,BP12,-4.7996,0.089,Semiconductor,I432,211,26,IR / Narrow-Gap
AlSi3_id2624_Final_E-4.79.cif,AlSi3,-4.7923,2.459,Semiconductor,P2/c,13,32,Wide-Gap Power/LED
BeSiGeP2_id2114_Final_E-4.79.cif,BeSiGeP2,-4.7909,1.013,Semiconductor,P2_12_12_1,19,20,Solar / Visible
BaLiGeO3_id2409_Final_E-4.78.cif,BaLiGeO3,-4.7824,1.573,Semiconductor,P-6m2,187,6,Solar / Visible
NaO8_id3327_Final_E-4.76.cif,NaO8,-4.7602,2.837,Semiconductor,Pba2,32,36,Wide-Gap Power/LED
Ba2S2N2O17_id2672_Final_E-4.75.cif,Ba2S2N2O17,-4.7547,1.897,Semiconductor,P1,1,46,Solar / Visible
KNaO19_id503_Final_E-4.75.cif,KNaO19,-4.7507,3.379,Semiconductor,P1,1,21,Wide-Gap Power/LED
SeO_id2320_Final_E-4.75.cif,SeO,-4.7489,1.427,Semiconductor,Pbca,61,16,Solar / Visible
NaCdSO5_id2438_Final_E-4.75.cif,NaCdSO5,-4.7478,2.42,Semiconductor,P1,1,16,Wide-Gap Power/LED
BaAs6_id1686_Final_E-4.75.cif,BaAs6,-4.7462,1.186,Semiconductor,P1,1,28,Solar / Visible
BaSeO4_id2687_Final_E-4.74.cif,BaSeO4,-4.7384,2.853,Semiconductor,Pnnn,48,24,Wide-Gap Power/LED
BaSc4O29_id683_Final_E-4.73.cif,BaSc4O29,-4.7332,1.645,Semiconductor,P1,1,68,Solar / Visible
Na4Cd(GaO2)3_id2472_Final_E-4.71.cif,Na4Cd(GaO2)3,-4.7053,0.847,Semiconductor,Im-3m,229,28,IR / Narrow-Gap
KBaO32_id1430_Final_E-4.70.cif,KBaO32,-4.6968,0.59,Semiconductor,P-3,147,34,IR / Narrow-Gap
KInO8_id2210_Final_E-4.70.cif,KInO8,-4.6964,1.678,Semiconductor,P1,1,40,Solar / Visible
LiP2SeO17_id1141_Final_E-4.69.cif,LiP2SeO17,-4.6901,0.189,Semiconductor,P2_1,4,42,IR / Narrow-Gap
BaAs5O8_id2600_Final_E-4.68.cif,BaAs5O8,-4.6836,1.16,Semiconductor,P1,1,28,Solar / Visible
Zn2SnO9_id1384_Final_E-4.68.cif,Zn2SnO9,-4.6792,0.445,Semiconductor,P1,1,24,IR / Narrow-Gap
Ba3SbSe3_id2434_Final_E-4.68.cif,Ba3SbSe3,-4.6778,1.272,Semiconductor,P1,1,42,Solar / Visible
Ge(AsS2)2_id730_Final_E-4.67.cif,Ge(AsS2)2,-4.6702,1.421,Semiconductor,I-42d,122,28,Solar / Visible
K(SeO2)2_id381_Final_E-4.67.cif,K(SeO2)2,-4.6693,1.375,Semiconductor,I4_1/a,88,28,Solar / Visible
AsS_id785_Final_E-4.67.cif,AsS,-4.6663,2.098,Semiconductor,Pca2_1,29,8,Wide-Gap Power/LED
MgCdO4_id1817_Final_E-4.66.cif,MgCdO4,-4.6588,1.288,Semiconductor,P-4m2,115,12,Solar / Visible
As(P3S7)2_id548_Final_E-4.65.cif,As(P3S7)2,-4.6543,1.798,Semiconductor,Pc,7,42,Solar / Visible
MgN_id364_Final_E-4.65.cif,MgN,-4.6489,1.243,Semiconductor,P-1,2,128,Solar / Visible
LiTi2(GaO5)2_id2181_Final_E-4.64.cif,LiTi2(GaO5)2,-4.6438,2.339,Semiconductor,C222_1,20,60,Wide-Gap Power/LED
KNaGeO3_id1266_Final_E-4.64.cif,KNaGeO3,-4.6386,2.008,Semiconductor,P2_1,4,12,Wide-Gap Power/LED
ZnO_id2693_Final_E-4.63.cif,ZnO,-4.6331,0.639,Semiconductor,Pccn,56,8,IR / Narrow-Gap
Sn(GeS)2_id2983_Final_E-4.62.cif,Sn(GeS)2,-4.6232,0.548,Semiconductor,P1,1,20,IR / Narrow-Gap
SbS4_id3149_Final_E-4.62.cif,SbS4,-4.6198,3.39,Semiconductor,I4_1/a,88,20,Wide-Gap Power/LED
C(SO9)2_id435_Final_E-4.61.cif,C(SO9)2,-4.6148,2.376,Semiconductor,Pm,6,42,Wide-Gap Power/LED
KO2_id1861_Final_E-4.61.cif,KO2,-4.6072,0.783,Semiconductor,P2_1/c,14,12,IR / Narrow-Gap
SiS2_id2849_Final_E-4.60.cif,SiS2,-4.6041,0.084,Semiconductor,I4_1/amd,141,12,IR / Narrow-Gap
Ti2Be3Al2B_id2512_Final_E-4.60.cif,Ti2Be3Al2B,-4.6021,0.276,Semiconductor,P1,1,24,IR / Narrow-Gap
As4P_id1772_Final_E-4.58.cif,As4P,-4.5785,0.374,Semiconductor,I4_1/a,88,20,IR / Narrow-Gap
PS6_id2853_Final_E-4.58.cif,PS6,-4.5778,1.481,Semiconductor,P1,1,7,Solar / Visible
CN3_id3265_Final_E-4.57.cif,CN3,-4.5709,0.135,Semiconductor,Fm-3m,225,16,IR / Narrow-Gap
GeS2_id817_Final_E-4.56.cif,GeS2,-4.5637,0.797,Semiconductor,P3_221,154,9,IR / Narrow-Gap
Ba3O11_id3119_Final_E-4.56.cif,Ba3O11,-4.5627,1.974,Semiconductor,P1,1,14,Solar / Visible
NaO2_id408_Final_E-4.55.cif,NaO2,-4.551,2.006,Semiconductor,Pbca,61,24,Wide-Gap Power/LED
Sn2SbS4_id2610_Final_E-4.55.cif,Sn2SbS4,-4.5479,0.299,Semiconductor,Fdd2,43,28,IR / Narrow-Gap
Li7B(AsO2)2_id1838_Final_E-4.54.cif,Li7B(AsO2)2,-4.5435,3.04,Semiconductor,P2_12_12,18,28,Wide-Gap Power/LED
Zn5GaO21_id1330_Final_E-4.54.cif,Zn5GaO21,-4.5393,1.425,Semiconductor,I4,79,54,Solar / Visible
NaPN2_id3352_Final_E-4.53.cif,NaPN2,-4.5303,1.893,Semiconductor,I4_122,98,16,Solar / Visible
LiZnO2_id1251_Final_E-4.52.cif,LiZnO2,-4.5244,0.968,Semiconductor,Cmc2_1,36,32,IR / Narrow-Gap
ScSiO19_id923_Final_E-4.52.cif,ScSiO19,-4.523,0.591,Semiconductor,P1,1,42,IR / Narrow-Gap
BaCdSO7_id2109_Final_E-4.50.cif,BaCdSO7,-4.4974,2.361,Semiconductor,Pm,6,20,Wide-Gap Power/LED
MgSiPSe_id1396_Final_E-4.48.cif,MgSiPSe,-4.4759,1.236,Semiconductor,Pca2_1,29,16,Solar / Visible
BaP_id316_Final_E-4.47.cif,BaP,-4.4747,0.676,Semiconductor,P6_3/mmc,194,4,IR / Narrow-Gap
LiSeS3O2_id326_Final_E-4.47.cif,LiSeS3O2,-4.4712,2.23,Semiconductor,P1,1,28,Wide-Gap Power/LED
CaSiO5_id1863_Final_E-4.47.cif,CaSiO5,-4.4709,1.419,Semiconductor,Pm,6,28,Solar / Visible
Ba2Sc4SnTe5_id1466_Final_E-4.47.cif,Ba2Sc4SnTe5,-4.4665,1.582,Semiconductor,P2/m,10,24,Solar / Visible
AsPSe2_id1874_Final_E-4.45.cif,AsPSe2,-4.4496,1.322,Semiconductor,P1,1,16,Solar / Visible
SeS3O_id2536_Final_E-4.44.cif,SeS3O,-4.4395,1.529,Semiconductor,P6_4,172,30,Solar / Visible
Li3Ca2O2_id2_Final_E-4.44.cif,Li3Ca2O2,-4.4359,1.179,Semiconductor,P1,1,14,Solar / Visible
K2BaS8_id1103_Final_E-4.43.cif,K2BaS8,-4.4279,0.897,Semiconductor,P1,1,22,IR / Narrow-Gap
InSe(N2O5)2_id3075_Final_E-4.42.cif,InSe(N2O5)2,-4.4201,0.669,Semiconductor,Pm,6,32,IR / Narrow-Gap
ZnO2_id2152_Final_E-4.41.cif,ZnO2,-4.4146,1.523,Semiconductor,Pbca,61,12,Solar / Visible
S4O_id2372_Final_E-4.41.cif,S4O,-4.4134,1.475,Semiconductor,Pc,7,10,Solar / Visible
SiS9_id28_Final_E-4.40.cif,SiS9,-4.3998,1.321,Semiconductor,P2,3,10,Solar / Visible
Ca2Mg2InO18_id1257_Final_E-4.40.cif,Ca2Mg2InO18,-4.3993,1.881,Semiconductor,P1,1,46,Solar / Visible
LiGe6(AsO2)2_id540_Final_E-4.40.cif,LiGe6(AsO2)2,-4.3964,1.322,Semiconductor,P3_121,152,39,Solar / Visible
NaZn2GaO4_id2281_Final_E-4.39.cif,NaZn2GaO4,-4.3899,3.05,Semiconductor,P4/mmm,123,16,Wide-Gap Power/LED
Sb4As7PS6_id972_Final_E-4.39.cif,Sb4As7PS6,-4.3853,3.084,Semiconductor,Ima2,46,72,Wide-Gap Power/LED
Li3ScSb3S4_id1992_Final_E-4.38.cif,Li3ScSb3S4,-4.3785,0.221,Semiconductor,Pm-3n,223,22,IR / Narrow-Gap
ZnO2_id2989_Final_E-4.36.cif,ZnO2,-4.36,1.255,Semiconductor,Fm-3m,225,12,Solar / Visible
MgZnGa2S13_id1157_Final_E-4.36.cif,MgZnGa2S13,-4.3592,3.375,Semiconductor,P1,1,68,Wide-Gap Power/LED
AlSi_id1487_Final_E-4.36.cif,AlSi,-4.3586,0.639,Semiconductor,Pbca,61,16,IR / Narrow-Gap
AlAs2_id478_Final_E-4.36.cif,AlAs2,-4.358,0.144,Semiconductor,I4_1cd,110,48,IR / Narrow-Gap
Li2Be2Si5P_id3065_Final_E-4.35.cif,Li2Be2Si5P,-4.3547,2.802,Semiconductor,P1,1,40,Wide-Gap Power/LED
As2Se_id3038_Final_E-4.32.cif,As2Se,-4.3222,1.016,Semiconductor,Pbcn,60,12,Solar / Visible
LiAs4(Se2S)2_id3237_Final_E-4.32.cif,LiAs4(Se2S)2,-4.319,0.243,Semiconductor,I4/m,87,22,IR / Narrow-Gap
BaP_id1447_Final_E-4.32.cif,BaP,-4.3155,0.857,Semiconductor,P1,1,40,IR / Narrow-Gap
Na(PSe2)2_id1955_Final_E-4.31.cif,Na(PSe2)2,-4.3138,0.963,Semiconductor,P-42m,111,7,IR / Narrow-Gap
Ba2Li(SnSe)2_id871_Final_E-4.31.cif,Ba2Li(SnSe)2,-4.3113,0.691,Semiconductor,P-42_1m,113,14,IR / Narrow-Gap
SeS4O_id2233_Final_E-4.31.cif,SeS4O,-4.3051,1.481,Semiconductor,Pm,6,6,Solar / Visible
Ca2In2PS7_id340_Final_E-4.29.cif,Ca2In2PS7,-4.2888,1.937,Semiconductor,Pm,6,24,Solar / Visible
Ba3Sb4As4S3_id1298_Final_E-4.29.cif,Ba3Sb4As4S3,-4.2861,1.448,Semiconductor,P6_3,173,28,Solar / Visible
ScSi2_id782_Final_E-4.28.cif,ScSi2,-4.2824,0.241,Semiconductor,Pn-3m,224,6,IR / Narrow-Gap
Be4GeCS2_id1762_Final_E-4.28.cif,Be4GeCS2,-4.2779,0.368,Semiconductor,Fd-3m,227,64,IR / Narrow-Gap
KCaO3_id2789_Final_E-4.28.cif,KCaO3,-4.276,0.162,Semiconductor,Pm-3m,221,5,IR / Narrow-Gap
BaCa2(NO6)2_id1766_Final_E-4.25.cif,BaCa2(NO6)2,-4.2535,2.75,Semiconductor,P1,1,34,Wide-Gap Power/LED
AsS3_id2012_Final_E-4.24.cif,AsS3,-4.243,1.251,Semiconductor,Pm,6,8,Solar / Visible
Ba2Sn(NO)2_id2613_Final_E-4.24.cif,Ba2Sn(NO)2,-4.2406,1.503,Semiconductor,P1,1,28,Solar / Visible
BaO2_id1807_Final_E-4.22.cif,BaO2,-4.2185,0.208,Semiconductor,P-6m2,187,3,IR / Narrow-Gap
MgS_id265_Final_E-4.21.cif,MgS,-4.2098,2.486,Semiconductor,Pccm,49,8,Wide-Gap Power/LED
KBeO2_id555_Final_E-4.20.cif,KBeO2,-4.2027,2.944,Semiconductor,Fm-3m,225,16,Wide-Gap Power/LED
NaSi3(GeTe)3_id652_Final_E-4.19.cif,NaSi3(GeTe)3,-4.1929,0.064,Semiconductor,P-1,2,60,IR / Narrow-Gap
SnSb2Se5_id1142_Final_E-4.19.cif,SnSb2Se5,-4.1869,0.519,Semiconductor,P1,1,32,IR / Narrow-Gap
GeS10_id999_Final_E-4.17.cif,GeS10,-4.1715,1.702,Semiconductor,P1,1,11,Solar / Visible
Li3AlSbSe4_id1065_Final_E-4.17.cif,Li3AlSbSe4,-4.1692,1.177,Semiconductor,P-43m,215,9,Solar / Visible
InSiS19_id120_Final_E-4.15.cif,InSiS19,-4.1545,1.076,Semiconductor,P1,1,21,Solar / Visible
KLi3Se3O4_id1728_Final_E-4.15.cif,KLi3Se3O4,-4.1501,2.496,Semiconductor,Pm-3n,223,22,Wide-Gap Power/LED
LiSe2O3_id390_Final_E-4.15.cif,LiSe2O3,-4.1479,2.943,Semiconductor,P1,1,24,Wide-Gap Power/LED
InSi4_id2618_Final_E-4.15.cif,InSi4,-4.1454,1.868,Semiconductor,C2/c,15,20,Solar / Visible
Li5S6_id2423_Final_E-4.12.cif,Li5S6,-4.1239,1.892,Semiconductor,P1,1,22,Solar / Visible
GeAs2Se7_id1066_Final_E-4.11.cif,GeAs2Se7,-4.1118,1.033,Semiconductor,P2/m,10,10,Solar / Visible
Li2AlGaSe4_id434_Final_E-4.11.cif,Li2AlGaSe4,-4.1116,1.676,Semiconductor,I-42d,122,32,Solar / Visible
AsS4O_id3129_Final_E-4.11.cif,AsS4O,-4.1095,2.609,Semiconductor,P1,1,24,Wide-Gap Power/LED
BaSrSnN_id1685_Final_E-4.11.cif,BaSrSnN,-4.1071,0.541,Semiconductor,C2/m,12,32,IR / Narrow-Gap
KIn(SeO4)2_id2942_Final_E-4.11.cif,KIn(SeO4)2,-4.1053,1.989,Semiconductor,P-1,2,12,Solar / Visible
CaZn4CdO4_id1504_Final_E-4.09.cif,CaZn4CdO4,-4.0938,0.276,Semiconductor,P4bm,100,20,IR / Narrow-Gap
AsS5_id2407_Final_E-4.09.cif,AsS5,-4.0927,0.624,Semiconductor,P2,3,24,IR / Narrow-Gap
LiTi2(Se3S5)2_id3198_Final_E-4.09.cif,LiTi2(Se3S5)2,-4.087,1.61,Semiconductor,Pm,6,76,Solar / Visible
Ti2O45_id2832_Final_E-4.08.cif,Ti2O45,-4.083,0.199,Semiconductor,P2/c,13,94,IR / Narrow-Gap
KMg(TeO)4_id722_Final_E-4.08.cif,KMg(TeO)4,-4.0809,1.826,Semiconductor,Pban,50,20,Solar / Visible
LiZn2O8_id774_Final_E-4.07.cif,LiZn2O8,-4.0721,0.118,Semiconductor,Pm,6,22,IR / Narrow-Gap
SnO8_id2712_Final_E-4.06.cif,SnO8,-4.0637,0.072,Semiconductor,Fm-3m,225,36,IR / Narrow-Gap
K11In3(BO)6_id2455_Final_E-4.06.cif,K11In3(BO)6,-4.0624,0.387,Semiconductor,P-31c,163,52,IR / Narrow-Gap
KZn2O4_id2323_Final_E-4.06.cif,KZn2O4,-4.0576,2.916,Semiconductor,P-42_1m,113,14,Wide-Gap Power/LED
Li2SeS2_id1596_Final_E-4.05.cif,Li2SeS2,-4.0532,1.808,Semiconductor,P4_32_12,96,20,Solar / Visible
KAs4_id1694_Final_E-4.05.cif,KAs4,-4.0527,0.755,Semiconductor,P4_122,91,20,IR / Narrow-Gap
Li2S_id2313_Final_E-4.04.cif,Li2S,-4.0417,2.292,Semiconductor,Pbcn,60,12,Wide-Gap Power/LED
LiSeS_id1057_Final_E-4.04.cif,LiSeS,-4.0401,1.625,Semiconductor,P1,1,12,Solar / Visible
Al3ZnInS4_id2097_Final_E-4.03.cif,Al3ZnInS4,-4.0319,0.252,Semiconductor,P-43m,215,9,IR / Narrow-Gap
Na2LiS4_id1767_Final_E-4.03.cif,Na2LiS4,-4.0317,2.204,Semiconductor,P-1,2,14,Wide-Gap Power/LED
Sr2N8O17_id1446_Final_E-4.03.cif,Sr2N8O17,-4.0308,0.319,Semiconductor,P1,1,54,IR / Narrow-Gap
K(CaSi2)2_id2763_Final_E-4.03.cif,K(CaSi2)2,-4.0302,0.784,Semiconductor,Iba2,45,28,IR / Narrow-Gap
K3Ge(Se4S3)2_id3235_Final_E-4.02.cif,K3Ge(Se4S3)2,-4.021,1.152,Semiconductor,P1,1,18,Solar / Visible
LiAl(GaN)2_id2497_Final_E-4.00.cif,LiAl(GaN)2,-4.0003,2.011,Semiconductor,P1,1,18,Wide-Gap Power/LED
NaMgS12_id1557_Final_E-4.00.cif,NaMgS12,-3.9987,1.814,Semiconductor,Fd-3,203,112,Solar / Visible
MgSc2_id162_Final_E-3.99.cif,MgSc2,-3.994,0.269,Semiconductor,P1,1,18,IR / Narrow-Gap
Ge2N5O11_id953_Final_E-3.99.cif,Ge2N5O11,-3.9912,0.652,Semiconductor,P1,1,36,IR / Narrow-Gap
K4Si2PO2_id1158_Final_E-3.99.cif,K4Si2PO2,-3.9909,0.944,Semiconductor,P-42m,111,9,IR / Narrow-Gap
CaCNO6_id1398_Final_E-3.99.cif,CaCNO6,-3.9862,3.415,Semiconductor,P1,1,18,Wide-Gap Power/LED
KInSbSe8_id1343_Final_E-3.98.cif,KInSbSe8,-3.9765,0.452,Semiconductor,Pmm2,25,11,IR / Narrow-Gap
Na4SiS6_id253_Final_E-3.97.cif,Na4SiS6,-3.965,1.718,Semiconductor,P1,1,22,Solar / Visible
As2PSeS16_id949_Final_E-3.96.cif,As2PSeS16,-3.9643,1.872,Semiconductor,P1,1,40,Solar / Visible
Se2S5_id1072_Final_E-3.96.cif,Se2S5,-3.9598,2.051,Semiconductor,Pba2,32,14,Wide-Gap Power/LED
K3O4_id733_Final_E-3.96.cif,K3O4,-3.9577,2.392,Semiconductor,I-43d,220,28,Wide-Gap Power/LED
LiSeS_id3343_Final_E-3.95.cif,LiSeS,-3.9491,0.832,Semiconductor,Pcc2,27,12,IR / Narrow-Gap
ScCd4O24_id3213_Final_E-3.94.cif,ScCd4O24,-3.9433,1.846,Semiconductor,P1,1,29,Solar / Visible
MgS2_id2809_Final_E-3.94.cif,MgS2,-3.9427,1.99,Semiconductor,P4/nnc,126,24,Solar / Visible
PSe2_id543_Final_E-3.93.cif,PSe2,-3.9328,0.773,Semiconductor,P2,3,24,IR / Narrow-Gap
Sb2Te3As_id514_Final_E-3.93.cif,Sb2Te3As,-3.9294,0.411,Semiconductor,P1,1,12,IR / Narrow-Gap
K2Na2SrO36_id433_Final_E-3.93.cif,K2Na2SrO36,-3.9272,0.993,Semiconductor,P1,1,82,IR / Narrow-Gap
Si2PSeS_id2583_Final_E-3.92.cif,Si2PSeS,-3.9235,1.316,Semiconductor,P2/m,10,5,Solar / Visible
KNaAsS17_id1470_Final_E-3.92.cif,KNaAsS17,-3.9206,1.865,Semiconductor,P1,1,80,Solar / Visible
AlGa2SiSe_id2785_Final_E-3.92.cif,AlGa2SiSe,-3.9172,1.012,Semiconductor,P1,1,30,Solar / Visible
K3As(SeS)3_id632_Final_E-3.91.cif,K3As(SeS)3,-3.9116,1.386,Semiconductor,P1,1,60,Solar / Visible
Mg4AlS3_id1511_Final_E-3.91.cif,Mg4AlS3,-3.9111,0.081,Semiconductor,P6_3,173,16,IR / Narrow-Gap
Cd3CO10_id128_Final_E-3.91.cif,Cd3CO10,-3.9064,1.731,Semiconductor,R32,155,42,Solar / Visible
CdSi2Ge9S2_id3169_Final_E-3.89.cif,CdSi2Ge9S2,-3.8895,0.712,Semiconductor,P1,1,28,IR / Narrow-Gap
TeO_id2965_Final_E-3.89.cif,TeO,-3.8863,2.418,Semiconductor,P6_222,180,12,Wide-Gap Power/LED
ZnGeSe2_id552_Final_E-3.88.cif,ZnGeSe2,-3.8798,1.133,Semiconductor,I-42d,122,16,Solar / Visible
KZnCdO3_id3071_Final_E-3.88.cif,KZnCdO3,-3.8791,0.421,Semiconductor,P2_1/c,14,48,IR / Narrow-Gap
Cd(GaSe2)2_id2968_Final_E-3.87.cif,Cd(GaSe2)2,-3.8747,1.19,Semiconductor,P-42m,111,7,Solar / Visible
AsO21_id1604_Final_E-3.87.cif,AsO21,-3.8705,1.025,Semiconductor,P1,1,44,Solar / Visible
LiBO_id2740_Final_E-3.86.cif,LiBO,-3.8646,3.305,Semiconductor,P4_2/mmc,131,6,Wide-Gap Power/LED
BaSr2NO2_id1642_Final_E-3.86.cif,BaSr2NO2,-3.864,0.07,Semiconductor,P1,1,24,IR / Narrow-Gap
ScGeBS18_id146_Final_E-3.86.cif,ScGeBS18,-3.8634,1.783,Semiconductor,P1,1,21,Solar / Visible
NaO2_id1705_Final_E-3.86.cif,NaO2,-3.8625,3.146,Semiconductor,Fm-3m,225,12,Wide-Gap Power/LED
K2NaO2_id3181_Final_E-3.86.cif,K2NaO2,-3.8599,1.878,Semiconductor,Pbca,61,20,Solar / Visible
KTe2(NO2)4_id3185_Final_E-3.86.cif,KTe2(NO2)4,-3.8591,2.214,Semiconductor,P1,1,60,Wide-Gap Power/LED
SeS2_id1279_Final_E-3.86.cif,SeS2,-3.857,1.658,Semiconductor,P3_112,151,9,Solar / Visible
LiP_id2995_Final_E-3.86.cif,LiP,-3.8569,1.531,Semiconductor,P1,1,32,Solar / Visible
LiGeAs_id806_Final_E-3.86.cif,LiGeAs,-3.8569,0.668,Semiconductor,P6_522,179,18,IR / Narrow-Gap
SrGaTe2_id213_Final_E-3.86.cif,SrGaTe2,-3.8557,1.337,Semiconductor,I4_1/amd,141,16,Solar / Visible
LiBeSiGe2_id2361_Final_E-3.86.cif,LiBeSiGe2,-3.8553,0.182,Semiconductor,P-1,2,10,IR / Narrow-Gap
CdPS_id1747_Final_E-3.85.cif,CdPS,-3.8524,1.666,Semiconductor,P2_1/m,11,12,Solar / Visible
KNa2GaS6_id679_Final_E-3.85.cif,KNa2GaS6,-3.8489,2.664,Semiconductor,P2,3,40,Wide-Gap Power/LED
Ba4Li4SbP21_id2279_Final_E-3.85.cif,Ba4Li4SbP21,-3.8469,2.787,Semiconductor,Pm,6,60,Wide-Gap Power/LED
Li3Ge2(AsP)2_id1233_Final_E-3.83.cif,Li3Ge2(AsP)2,-3.8329,1.64,Semiconductor,P1,1,18,Solar / Visible
Li2Be3PN2_id226_Final_E-3.82.cif,Li2Be3PN2,-3.8161,1.896,Semiconductor,P1,1,32,Solar / Visible
KLiO8_id1130_Final_E-3.81.cif,KLiO8,-3.815,2.735,Semiconductor,P1,1,20,Wide-Gap Power/LED
Ba7Ca2N20_id1129_Final_E-3.81.cif,Ba7Ca2N20,-3.8075,2.661,Semiconductor,P1,1,29,Wide-Gap Power/LED
Na2PO_id2064_Final_E-3.80.cif,Na2PO,-3.7974,2.356,Semiconductor,P4/mmm,123,16,Wide-Gap Power/LED
Li2SbSe2_id449_Final_E-3.79.cif,Li2SbSe2,-3.7893,1.339,Semiconductor,I4/mmm,139,10,Solar / Visible
SeS_id1988_Final_E-3.78.cif,SeS,-3.7845,1.634,Semiconductor,P4/m,83,8,Solar / Visible
GaAs_id2315_Final_E-3.78.cif,GaAs,-3.7822,0.415,Semiconductor,P4_32_12,96,8,IR / Narrow-Gap
CdGa3(Se2S)4_id2020_Final_E-3.77.cif,CdGa3(Se2S)4,-3.7693,0.887,Semiconductor,P1,1,32,IR / Narrow-Gap
K2O2_id2723_Final_E-3.76.cif,K2O2,-3.7602,0.43,Semiconductor,I4_1/amd,141,8,IR / Narrow-Gap
Ti3Be11ZnB6_id451_Final_E-3.76.cif,Ti3Be11ZnB6,-3.7553,2.262,Semiconductor,Pm,6,84,Wide-Gap Power/LED
Na2O_id794_Final_E-3.74.cif,Na2O,-3.7399,1.601,Semiconductor,Pbca,61,12,Solar / Visible
ScS36_id2798_Final_E-3.73.cif,ScS36,-3.7316,0.96,Semiconductor,P1,1,74,IR / Narrow-Gap
TeS_id869_Final_E-3.73.cif,TeS,-3.7252,0.69,Semiconductor,P4/m,83,8,IR / Narrow-Gap
K7S9_id2208_Final_E-3.72.cif,K7S9,-3.7223,1.132,Semiconductor,P1,1,16,Solar / Visible
LiSO11_id1792_Final_E-3.70.cif,LiSO11,-3.6994,0.431,Semiconductor,P1,1,26,IR / Narrow-Gap
Li8AlGaGe32_id846_Final_E-3.70.cif,Li8AlGaGe32,-3.6982,2.386,Semiconductor,P4/mcc,124,84,Wide-Gap Power/LED
InSnTe2_id565_Final_E-3.70.cif,InSnTe2,-3.6974,0.058,Semiconductor,I4/mmm,139,8,IR / Narrow-Gap
NaMg2InSe4_id1258_Final_E-3.69.cif,NaMg2InSe4,-3.6925,1.841,Semiconductor,I-42d,122,32,Solar / Visible
K2Zn5O4_id3334_Final_E-3.69.cif,K2Zn5O4,-3.6865,0.132,Semiconductor,I4/m,87,22,IR / Narrow-Gap
K2Ga2SnSe3_id2456_Final_E-3.68.cif,K2Ga2SnSe3,-3.6845,1.702,Semiconductor,Pmc2_1,26,16,Solar / Visible
CaO6_id1740_Final_E-3.68.cif,CaO6,-3.6821,0.415,Semiconductor,P1,1,7,IR / Narrow-Gap
Li3GaGeTe4_id3083_Final_E-3.67.cif,Li3GaGeTe4,-3.6741,0.992,Semiconductor,P-43m,215,9,IR / Narrow-Gap
LiAlSbS6_id1042_Final_E-3.67.cif,LiAlSbS6,-3.6728,2.041,Semiconductor,Cmme,67,36,Wide-Gap Power/LED
MgSe_id2056_Final_E-3.67.cif,MgSe,-3.6704,1.892,Semiconductor,P4/m,83,8,Solar / Visible
Li5AsO2_id1533_Final_E-3.67.cif,Li5AsO2,-3.6677,2.865,Semiconductor,P1,1,16,Wide-Gap Power/LED
Mg3(Se2S3)2_id2431_Final_E-3.66.cif,Mg3(Se2S3)2,-3.6568,1.792,Semiconductor,P1,1,26,Solar / Visible
K3Na5CaSe6_id2554_Final_E-3.65.cif,K3Na5CaSe6,-3.654,1.938,Semiconductor,P1,1,45,Solar / Visible
Li6Ti3Ga2_id766_Final_E-3.65.cif,Li6Ti3Ga2,-3.6517,1.329,Semiconductor,P-1,2,22,Solar / Visible
KBaSe_id3381_Final_E-3.63.cif,KBaSe,-3.6325,2.036,Semiconductor,C2/m,12,12,Wide-Gap Power/LED
ZnTeS2_id2018_Final_E-3.63.cif,ZnTeS2,-3.6271,0.532,Semiconductor,P2_1,4,8,IR / Narrow-Gap
KBO32_id299_Final_E-3.63.cif,KBO32,-3.6265,2.207,Semiconductor,P1,1,68,Wide-Gap Power/LED
SrS20_id180_Final_E-3.62.cif,SrS20,-3.6208,1.883,Semiconductor,Pm,6,84,Solar / Visible
Ba2LiS2O3_id3099_Final_E-3.62.cif,Ba2LiS2O3,-3.6165,0.525,Semiconductor,P6_222,180,24,IR / Narrow-Gap
Li7Zn2O9_id15_Final_E-3.60.cif,Li7Zn2O9,-3.605,3.069,Semiconductor,P1,1,18,Wide-Gap Power/LED
CdS2N_id1854_Final_E-3.60.cif,CdS2N,-3.6046,1.321,Semiconductor,Pca2_1,29,16,Solar / Visible
Na3MgN2_id1621_Final_E-3.58.cif,Na3MgN2,-3.5843,0.515,Semiconductor,Pn-3m,224,12,IR / Narrow-Gap
Mg3Te2(SeS6)2_id498_Final_E-3.58.cif,Mg3Te2(SeS6)2,-3.5842,1.748,Semiconductor,P1,1,38,Solar / Visible
Li6Al(TeSe)4_id2287_Final_E-3.57.cif,Li6Al(TeSe)4,-3.5694,1.272,Semiconductor,R3m,160,15,Solar / Visible
KSO_id1294_Final_E-3.56.cif,KSO,-3.5645,0.762,Semiconductor,P-3m1,164,6,IR / Narrow-Gap
LiTeSe_id2297_Final_E-3.55.cif,LiTeSe,-3.5491,1.174,Semiconductor,P4_32_12,96,24,Solar / Visible
Zn2Ga2Si2Ge7_id142_Final_E-3.55.cif,Zn2Ga2Si2Ge7,-3.5476,0.791,Semiconductor,P1,1,52,IR / Narrow-Gap
Ba(AlS)2_id1912_Final_E-3.54.cif,Ba(AlS)2,-3.5429,2.553,Semiconductor,Pn-3m,224,10,Wide-Gap Power/LED
GeSe3O2_id686_Final_E-3.50.cif,GeSe3O2,-3.4953,1.043,Semiconductor,Pm,6,12,Solar / Visible
TiPO8_id3377_Final_E-3.48.cif,TiPO8,-3.4848,1.172,Semiconductor,P1,1,20,Solar / Visible
K3BaLi3Se4_id1153_Final_E-3.48.cif,K3BaLi3Se4,-3.4751,1.932,Semiconductor,Pm-3n,223,22,Solar / Visible
MgS_id2898_Final_E-3.47.cif,MgS,-3.4672,1.583,Semiconductor,Pm,6,2,Solar / Visible
ZnInTe2Se3_id300_Final_E-3.47.cif,ZnInTe2Se3,-3.4656,0.633,Semiconductor,Pm,6,7,IR / Narrow-Gap
LiTe_id522_Final_E-3.44.cif,LiTe,-3.4398,0.295,Semiconductor,Pbca,61,16,IR / Narrow-Gap
NaTeSe_id2087_Final_E-3.44.cif,NaTeSe,-3.4376,0.603,Semiconductor,Aea2,41,24,IR / Narrow-Gap
Li3Te2_id2900_Final_E-3.44.cif,Li3Te2,-3.4364,1.065,Semiconductor,P-42_1m,113,10,Solar / Visible
MgP_id3175_Final_E-3.43.cif,MgP,-3.4349,0.469,Semiconductor,P222,16,24,IR / Narrow-Gap
K2SbTe4_id752_Final_E-3.43.cif,K2SbTe4,-3.4289,0.292,Semiconductor,P1,1,14,IR / Narrow-Gap
SrTiC2_id2125_Final_E-3.42.cif,SrTiC2,-3.4242,0.818,Semiconductor,I4_1/amd,141,16,IR / Narrow-Gap
InO20_id2609_Final_E-3.42.cif,InO20,-3.4158,1.328,Semiconductor,P1,1,21,Solar / Visible
KInTe4_id3117_Final_E-3.40.cif,KInTe4,-3.3993,0.429,Semiconductor,I-42d,122,24,IR / Narrow-Gap
MgTe_id1623_Final_E-3.39.cif,MgTe,-3.3891,1.756,Semiconductor,Aea2,41,16,Solar / Visible
Ca4Al(TeSe2)3_id1662_Final_E-3.39.cif,Ca4Al(TeSe2)3,-3.3859,0.311,Semiconductor,Im-3m,229,28,IR / Narrow-Gap
Li3ScAs_id1624_Final_E-3.38.cif,Li3ScAs,-3.3811,0.254,Semiconductor,Pm-3m,221,5,IR / Narrow-Gap
Ge6Te3As3Se7_id899_Final_E-3.38.cif,Ge6Te3As3Se7,-3.3768,1.269,Semiconductor,P1,1,114,Solar / Visible
Al9Ga2_id2773_Final_E-3.37.cif,Al9Ga2,-3.3654,3.26,Semiconductor,P1,1,44,Wide-Gap Power/LED
BaAs(Se4S3)2_id1932_Final_E-3.36.cif,BaAs(Se4S3)2,-3.3634,1.161,Semiconductor,Cmc2_1,36,64,Solar / Visible
MgGaP_id693_Final_E-3.35.cif,MgGaP,-3.3512,0.257,Semiconductor,P2_1,4,6,IR / Narrow-Gap
K2Na2AsS4_id468_Final_E-3.34.cif,K2Na2AsS4,-3.3369,2.721,Semiconductor,P1,1,9,Wide-Gap Power/LED
KS_id2375_Final_E-3.34.cif,KS,-3.3365,2.368,Semiconductor,P1,1,16,Wide-Gap Power/LED
ZnTeAsSe_id2222_Final_E-3.34.cif,ZnTeAsSe,-3.3364,0.203,Semiconductor,P1,1,32,IR / Narrow-Gap
KCd(Te2Se)2_id1806_Final_E-3.34.cif,KCd(Te2Se)2,-3.335,0.571,Semiconductor,P1,1,16,IR / Narrow-Gap
Ti3Zn3Sn3Te16_id3058_Final_E-3.31.cif,Ti3Zn3Sn3Te16,-3.3075,0.678,Semiconductor,P6_3/m,176,50,IR / Narrow-Gap
BaLi8TiTe4_id2544_Final_E-3.31.cif,BaLi8TiTe4,-3.3064,1.149,Semiconductor,I222,23,28,Solar / Visible
ScZn6(SeS3)2_id68_Final_E-3.30.cif,ScZn6(SeS3)2,-3.3024,1.334,Semiconductor,P1,1,60,Solar / Visible
K2MgZnSi4_id231_Final_E-3.29.cif,K2MgZnSi4,-3.2862,0.599,Semiconductor,P3_121,152,24,IR / Narrow-Gap
MgSi_id1449_Final_E-3.28.cif,MgSi,-3.2783,0.396,Semiconductor,I4_1/amd,141,8,IR / Narrow-Gap
KGaSeS2_id279_Final_E-3.27.cif,KGaSeS2,-3.274,1.133,Semiconductor,P1,1,30,Solar / Visible
ZnSe2_id1555_Final_E-3.27.cif,ZnSe2,-3.2736,0.083,Semiconductor,Pnnn,48,12,IR / Narrow-Gap
Zn2O_id3239_Final_E-3.27.cif,Zn2O,-3.2717,0.333,Semiconductor,P2_1/c,14,12,IR / Narrow-Gap
Ti2O5_id1633_Final_E-3.27.cif,Ti2O5,-3.2662,0.555,Semiconductor,Cm,8,7,IR / Narrow-Gap
Na9Te4SeS4_id536_Final_E-3.27.cif,Na9Te4SeS4,-3.2657,1.476,Semiconductor,I4,79,36,Solar / Visible
Li28BAsO8_id2539_Final_E-3.25.cif,Li28BAsO8,-3.2528,3.227,Semiconductor,Pm,6,76,Wide-Gap Power/LED
Li4GeAs_id3189_Final_E-3.25.cif,Li4GeAs,-3.2521,0.766,Semiconductor,P1,1,12,IR / Narrow-Gap
Ti3Zn5O2_id2831_Final_E-3.25.cif,Ti3Zn5O2,-3.2499,0.052,Semiconductor,P1,1,30,IR / Narrow-Gap
Mg(GaGe)2_id612_Final_E-3.25.cif,Mg(GaGe)2,-3.2484,2.137,Semiconductor,P4_332,212,20,Wide-Gap Power/LED
K2Li(TiBe)2_id2519_Final_E-3.24.cif,K2Li(TiBe)2,-3.2408,2.914,Semiconductor,P-1,2,21,Wide-Gap Power/LED
LiGa6(SiAs)2_id1942_Final_E-3.23.cif,LiGa6(SiAs)2,-3.229,2.637,Semiconductor,P4/mnc,128,44,Wide-Gap Power/LED
K3AlSn3As4_id2038_Final_E-3.22.cif,K3AlSn3As4,-3.2198,0.296,Semiconductor,P1,1,11,IR / Narrow-Gap
K2Ca(GaGe)4_id1166_Final_E-3.21.cif,K2Ca(GaGe)4,-3.2124,0.184,Semiconductor,Fdd2,43,88,IR / Narrow-Gap
Na24B(PO)12_id885_Final_E-3.16.cif,Na24B(PO)12,-3.161,2.336,Semiconductor,I432,211,98,Wide-Gap Power/LED
Sb2AsSe2_id1327_Final_E-3.15.cif,Sb2AsSe2,-3.1518,2.254,Semiconductor,P1,1,20,Wide-Gap Power/LED
KLiNO_id1464_Final_E-3.14.cif,KLiNO,-3.1375,0.938,Semiconductor,P1,1,16,IR / Narrow-Gap
Na2Se_id2010_Final_E-3.13.cif,Na2Se,-3.1313,0.174,Semiconductor,I4/m,87,24,IR / Narrow-Gap
Li7Ca3(SiAs)3_id330_Final_E-3.12.cif,Li7Ca3(SiAs)3,-3.1209,1.127,Semiconductor,P31m,157,16,Solar / Visible
TiGa(Te6S)2_id2117_Final_E-3.12.cif,TiGa(Te6S)2,-3.1175,2.253,Semiconductor,P1,1,128,Wide-Gap Power/LED
KCd2Te4As_id29_Final_E-3.11.cif,KCd2Te4As,-3.1147,0.932,Semiconductor,I-42m,121,16,IR / Narrow-Gap
Mg2S_id456_Final_E-3.11.cif,Mg2S,-3.111,1.428,Semiconductor,Cm,8,12,Solar / Visible
Zn4Ga3S4_id1418_Final_E-3.11.cif,Zn4Ga3S4,-3.108,0.081,Semiconductor,P2_1,4,22,IR / Narrow-Gap
Sc3Ti9O11_id499_Final_E-3.10.cif,Sc3Ti9O11,-3.1013,0.305,Semiconductor,P1,1,92,IR / Narrow-Gap
K9GeO13_id3158_Final_E-3.10.cif,K9GeO13,-3.096,1.498,Semiconductor,P1,1,46,Solar / Visible
K5NaInO6_id713_Final_E-3.09.cif,K5NaInO6,-3.0935,2.804,Semiconductor,P1,1,26,Wide-Gap Power/LED
BaNa(SO45)2_id926_Final_E-3.08.cif,BaNa(SO45)2,-3.0838,0.191,Semiconductor,P-3,147,94,IR / Narrow-Gap
KSb_id2937_Final_E-3.08.cif,KSb,-3.0814,0.503,Semiconductor,P-1,2,4,IR / Narrow-Gap
InAs_id1352_Final_E-3.08.cif,InAs,-3.078,0.161,Semiconductor,Pmna,53,16,IR / Narrow-Gap
MgSnSb_id1252_Final_E-3.06.cif,MgSnSb,-3.0638,2.064,Semiconductor,P1,1,12,Wide-Gap Power/LED
K2GaSnAs_id2172_Final_E-3.05.cif,K2GaSnAs,-3.0497,0.737,Semiconductor,P2/c,13,20,IR / Narrow-Gap
Zn3CdGaO13_id19_Final_E-3.00.cif,Zn3CdGaO13,-3.0005,1.107,Semiconductor,P1,1,54,Solar / Visible
K3Sr6Mg2O6_id3030_Final_E-2.99.cif,K3Sr6Mg2O6,-2.9902,2.685,Semiconductor,P1,1,68,Wide-Gap Power/LED
NaLiGaSb_id1439_Final_E-2.98.cif,NaLiGaSb,-2.9783,0.951,Semiconductor,P3m1,156,4,IR / Narrow-Gap
KLiP_id1053_Final_E-2.98.cif,KLiP,-2.9758,1.259,Semiconductor,P4_2/m,84,12,Solar / Visible
Al2CdGa6Sn5_id1715_Final_E-2.97.cif,Al2CdGa6Sn5,-2.9717,0.524,Semiconductor,P1,1,28,IR / Narrow-Gap
Na2Li4AlP2_id994_Final_E-2.92.cif,Na2Li4AlP2,-2.917,0.239,Semiconductor,P2_1,4,18,IR / Narrow-Gap
Ba4Sb_id494_Final_E-2.91.cif,Ba4Sb,-2.9133,0.15,Semiconductor,P4_2/nmc,137,10,IR / Narrow-Gap
K7NaO4_id1789_Final_E-2.85.cif,K7NaO4,-2.8476,2.914,Semiconductor,P1,1,24,Wide-Gap Power/LED
Na4As3_id2026_Final_E-2.80.cif,Na4As3,-2.7972,1.195,Semiconductor,I-43d,220,28,Solar / Visible
K6SiSn6_id254_Final_E-2.77.cif,K6SiSn6,-2.7747,1.194,Semiconductor,P1,1,26,Solar / Visible
K4P3_id3297_Final_E-2.73.cif,K4P3,-2.7317,1.103,Semiconductor,I-43d,220,28,Solar / Visible
InSn16Ge3_id694_Final_E-2.73.cif,InSn16Ge3,-2.7293,1.23,Semiconductor,P1,1,40,Solar / Visible
Mg4Al8Ga4Si5_id830_Final_E-2.71.cif,Mg4Al8Ga4Si5,-2.7086,1.505,Semiconductor,Cccm,66,84,Solar / Visible
K11Na4O5_id557_Final_E-2.71.cif,K11Na4O5,-2.7054,0.723,Semiconductor,P2_12_12,18,80,IR / Narrow-Gap
NaLi3P_id76_Final_E-2.70.cif,NaLi3P,-2.7019,0.981,Semiconductor,Pc,7,10,IR / Narrow-Gap
Li7Sc2_id2510_Final_E-2.70.cif,Li7Sc2,-2.6953,0.294,Semiconductor,P1,1,18,IR / Narrow-Gap
CNO_id634_Final_E-2.67.cif,CNO,-2.6745,1.471,Semiconductor,P-6m2,187,3,Solar / Visible
K2SnGe_id2973_Final_E-2.65.cif,K2SnGe,-2.6489,0.311,Semiconductor,Pmmn,59,8,IR / Narrow-Gap
Li2Be5(Al2B)2_id2986_Final_E-2.65.cif,Li2Be5(Al2B)2,-2.6488,0.134,Semiconductor,P1,1,26,IR / Narrow-Gap
ZnCdSeS_id1199_Final_E-2.62.cif,ZnCdSeS,-2.6225,1.557,Semiconductor,P1,1,24,Solar / Visible
Li(ZnGe)3_id372_Final_E-2.62.cif,Li(ZnGe)3,-2.6211,0.287,Semiconductor,Pm-3n,223,14,IR / Narrow-Gap
NaIn5_id3062_Final_E-2.61.cif,NaIn5,-2.6134,1.296,Semiconductor,I4/mmm,139,12,Solar / Visible
Li6MgNO16_id1659_Final_E-2.57.cif,Li6MgNO16,-2.5749,2.556,Semiconductor,Pm,6,48,Wide-Gap Power/LED
KNaAs_id1426_Final_E-2.57.cif,KNaAs,-2.5714,0.935,Semiconductor,P-6m2,187,3,IR / Narrow-Gap
LiAs24_id263_Final_E-2.53.cif,LiAs24,-2.5267,0.291,Semiconductor,P1,1,25,IR / Narrow-Gap
KLiGa3_id1014_Final_E-2.52.cif,KLiGa3,-2.5227,0.269,Semiconductor,P6_5,170,30,IR / Narrow-Gap
Zn3O_id490_Final_E-2.52.cif,Zn3O,-2.5186,0.761,Semiconductor,P4_132,213,32,IR / Narrow-Gap
Mg4Ge3_id2725_Final_E-2.52.cif,Mg4Ge3,-2.5167,0.235,Semiconductor,Ccce,68,28,IR / Narrow-Gap
KNaCdSn3_id1721_Final_E-2.50.cif,KNaCdSn3,-2.4954,0.095,Semiconductor,P-4n2,118,12,IR / Narrow-Gap
KGa2_id517_Final_E-2.49.cif,KGa2,-2.4901,0.075,Semiconductor,P6/mmm,191,3,IR / Narrow-Gap
K4Sr(ZnSi)5_id175_Final_E-2.45.cif,K4Sr(ZnSi)5,-2.4513,0.626,Semiconductor,P1,1,30,IR / Narrow-Gap
KS_id2433_Final_E-2.43.cif,KS,-2.4266,2.995,Semiconductor,I4_132,214,48,Wide-Gap Power/LED
KMgSn_id1522_Final_E-2.42.cif,KMgSn,-2.4199,0.268,Semiconductor,P-6m2,187,3,IR / Narrow-Gap
Mg3Cd2(Se3S)3_id218_Final_E-2.41.cif,Mg3Cd2(Se3S)3,-2.4105,2.162,Semiconductor,P1,1,34,Wide-Gap Power/LED
B8C13_id1028_Final_E-2.41.cif,B8C13,-2.4076,0.346,Semiconductor,P1,1,42,IR / Narrow-Gap
Li7(ZnAs)3_id1885_Final_E-2.41.cif,Li7(ZnAs)3,-2.4059,0.797,Semiconductor,P1,1,78,IR / Narrow-Gap
KO4_id1655_Final_E-2.37.cif,KO4,-2.3672,2.341,Semiconductor,P4_2/mbc,135,40,Wide-Gap Power/LED
Cd6Ga2(GeN2)3_id2272_Final_E-2.35.cif,Cd6Ga2(GeN2)3,-2.3548,0.359,Semiconductor,P1,1,68,IR / Narrow-Gap
KNaInSn_id338_Final_E-2.33.cif,KNaInSn,-2.3304,0.072,Semiconductor,F-43m,216,16,IR / Narrow-Gap
Na2LiSb_id791_Final_E-2.30.cif,Na2LiSb,-2.2988,0.865,Semiconductor,P4_2/mcm,132,16,IR / Narrow-Gap
BaB2N12O23_id531_Final_E-2.29.cif,BaB2N12O23,-2.2892,1.175,Semiconductor,P1,1,38,Solar / Visible
Sc2Cd2Sn_id834_Final_E-2.28.cif,Sc2Cd2Sn,-2.2784,1.029,Semiconductor,Pm,6,20,Solar / Visible
K4Te_id1455_Final_E-2.27.cif,K4Te,-2.2658,1.484,Semiconductor,P-1,2,10,Solar / Visible
Na3In5_id2289_Final_E-2.25.cif,Na3In5,-2.2499,0.479,Semiconductor,I-42d,122,32,IR / Narrow-Gap
In7S_id2405_Final_E-2.23.cif,In7S,-2.2283,1.986,Semiconductor,P4_2/mbc,135,64,Solar / Visible
K2ZnSb6_id1926_Final_E-2.20.cif,K2ZnSb6,-2.1964,1.237,Semiconductor,P1,1,36,Solar / Visible
Sr3B(NO)18_id955_Final_E-2.19.cif,Sr3B(NO)18,-2.1866,3.36,Semiconductor,Pm,6,80,Wide-Gap Power/LED
NO42_id2043_Final_E-2.17.cif,NO42,-2.1747,1.208,Semiconductor,P1,1,43,Solar / Visible
As5Se2_id974_Final_E-2.17.cif,As5Se2,-2.1658,0.529,Semiconductor,I4_1/amd,141,28,IR / Narrow-Gap
K4Li(InGa3)4_id1131_Final_E-2.15.cif,K4Li(InGa3)4,-2.1537,1.068,Semiconductor,P4_2/nmc,137,42,Solar / Visible
NaIn_id309_Final_E-2.14.cif,NaIn,-2.1423,0.396,Semiconductor,I4_1/amd,141,8,IR / Narrow-Gap
BaInO24_id1410_Final_E-2.13.cif,BaInO24,-2.1344,0.069,Semiconductor,P1,1,52,IR / Narrow-Gap
KSO40_id1698_Final_E-2.10.cif,KSO40,-2.0956,0.635,Semiconductor,P1,1,84,IR / Narrow-Gap
Na4Cd3Sb2_id753_Final_E-2.09.cif,Na4Cd3Sb2,-2.0947,0.895,Semiconductor,P-3c1,165,18,IR / Narrow-Gap
Zn8(InGa3)3_id2123_Final_E-2.08.cif,Zn8(InGa3)3,-2.0832,3.153,Semiconductor,P1,1,20,Wide-Gap Power/LED
TiO19_id2278_Final_E-2.05.cif,TiO19,-2.054,0.982,Semiconductor,Pm,6,80,IR / Narrow-Gap
Li4TiTeSe_id2865_Final_E-2.03.cif,Li4TiTeSe,-2.0336,2.527,Semiconductor,P1,1,56,Wide-Gap Power/LED
Na4SrLiIn_id1271_Final_E-2.03.cif,Na4SrLiIn,-2.0324,0.818,Semiconductor,P2,3,14,IR / Narrow-Gap
Cd6Ga35_id2858_Final_E-2.03.cif,Cd6Ga35,-2.0306,2.181,Semiconductor,P2,3,82,Wide-Gap Power/LED
K3(ZnGa2)2_id1441_Final_E-2.00.cif,K3(ZnGa2)2,-2.001,2.78,Semiconductor,P-1,2,72,Wide-Gap Power/LED
ZnIn_id1339_Final_E-1.99.cif,ZnIn,-1.9918,0.103,Semiconductor,I4_1/acd,142,32,IR / Narrow-Gap
Li3CaGa_id1095_Final_E-1.99.cif,Li3CaGa,-1.9916,1.77,Semiconductor,P1,1,40,Solar / Visible
AsO_id2668_Final_E-1.99.cif,AsO,-1.9903,1.586,Semiconductor,P4_32_12,96,8,Solar / Visible
Mg(InTe2)2_id3140_Final_E-1.98.cif,Mg(InTe2)2,-1.9814,0.35,Semiconductor,Pmmn,59,14,IR / Narrow-Gap
LiMg4Al2Sn_id2576_Final_E-1.93.cif,LiMg4Al2Sn,-1.9299,0.554,Semiconductor,P1,1,32,IR / Narrow-Gap
KLiSn_id576_Final_E-1.92.cif,KLiSn,-1.9194,2.175,Semiconductor,Pmmm,47,6,Wide-Gap Power/LED
Li7Mg_id996_Final_E-1.87.cif,Li7Mg,-1.8728,1.575,Semiconductor,P1,1,16,Solar / Visible
LiMgSn2_id1222_Final_E-1.87.cif,LiMgSn2,-1.8669,0.15,Semiconductor,Cm,8,8,IR / Narrow-Gap
NaLi8Cd2O3_id1175_Final_E-1.86.cif,NaLi8Cd2O3,-1.8644,1.439,Semiconductor,Iba2,45,56,Solar / Visible
K2Li5Sb_id2091_Final_E-1.86.cif,K2Li5Sb,-1.8643,1.331,Semiconductor,Cm,8,16,Solar / Visible
Mg3Sn2(SO2)2_id506_Final_E-1.84.cif,Mg3Sn2(SO2)2,-1.8365,0.347,Semiconductor,P-42_1m,113,22,IR / Narrow-Gap
Cd3In4_id56_Final_E-1.81.cif,Cd3In4,-1.8116,2.104,Semiconductor,P-1,2,14,Wide-Gap Power/LED
K2Na3In2Ga_id900_Final_E-1.80.cif,K2Na3In2Ga,-1.8046,0.747,Semiconductor,P-1,2,16,IR / Narrow-Gap
Zn4Ga_id3155_Final_E-1.80.cif,Zn4Ga,-1.8017,2.292,Semiconductor,P4_2/nmc,137,10,Wide-Gap Power/LED
Mg(AlIn4)3_id2318_Final_E-1.80.cif,Mg(AlIn4)3,-1.8007,1.948,Semiconductor,P1,1,32,Solar / Visible
Zn3In2(GaO2)2_id589_Final_E-1.79.cif,Zn3In2(GaO2)2,-1.7928,0.752,Semiconductor,P1,1,22,IR / Narrow-Gap
Mg3ZnN_id2288_Final_E-1.78.cif,Mg3ZnN,-1.7828,0.061,Semiconductor,Pm-3m,221,5,IR / Narrow-Gap
Li2Mg6Sn_id2878_Final_E-1.75.cif,Li2Mg6Sn,-1.7484,1.686,Semiconductor,P1,1,9,Solar / Visible
Al19Zn12_id2753_Final_E-1.71.cif,Al19Zn12,-1.7062,0.946,Semiconductor,P222,16,62,IR / Narrow-Gap
K9Sb6(Te6P)2_id1925_Final_E-1.70.cif,K9Sb6(Te6P)2,-1.6963,0.289,Semiconductor,P1,1,29,IR / Narrow-Gap
Al3Zn2_id658_Final_E-1.66.cif,Al3Zn2,-1.6586,0.065,Semiconductor,Pm,6,40,IR / Narrow-Gap
K2Li9Mg_id639_Final_E-1.66.cif,K2Li9Mg,-1.6562,2.359,Semiconductor,P1,1,24,Wide-Gap Power/LED
LiCaMg2S_id3024_Final_E-1.62.cif,LiCaMg2S,-1.616,1.81,Semiconductor,P4mm,99,5,Solar / Visible
TeSeO2_id1605_Final_E-1.61.cif,TeSeO2,-1.6099,1.858,Semiconductor,Cm,8,128,Solar / Visible
Na4Cd3In2_id2857_Final_E-1.58.cif,Na4Cd3In2,-1.575,1.099,Semiconductor,P4_22_12,94,36,Solar / Visible
LiZn4_id1101_Final_E-1.56.cif,LiZn4,-1.5644,2.909,Semiconductor,P4_2/nmc,137,10,Wide-Gap Power/LED
K3Ca2(AlGa)2_id738_Final_E-1.55.cif,K3Ca2(AlGa)2,-1.5459,0.07,Semiconductor,P1,1,18,IR / Narrow-Gap
K34Na3CaO6_id1402_Final_E-1.51.cif,K34Na3CaO6,-1.511,1.272,Semiconductor,P1,1,44,Solar / Visible
Na4In17Ga6_id2014_Final_E-1.48.cif,Na4In17Ga6,-1.4752,0.195,Semiconductor,P6/mmm,191,27,IR / Narrow-Gap
Zn2Cd5Ga2_id1812_Final_E-1.47.cif,Zn2Cd5Ga2,-1.4712,2.242,Semiconductor,P1,1,36,Wide-Gap Power/LED
Li6Mg8ScTi_id2116_Final_E-1.45.cif,Li6Mg8ScTi,-1.4538,0.085,Semiconductor,P1,1,16,IR / Narrow-Gap
Ba4O9_id2120_Final_E-1.45.cif,Ba4O9,-1.4526,3.253,Semiconductor,P1,1,104,Wide-Gap Power/LED
Sc4Ti3Zn8Ga3_id1825_Final_E-1.45.cif,Sc4Ti3Zn8Ga3,-1.4503,0.202,Semiconductor,Cc,9,72,IR / Narrow-Gap
LiTi2(BeIn2)2_id1262_Final_E-1.45.cif,LiTi2(BeIn2)2,-1.4468,0.346,Semiconductor,P1,1,36,IR / Narrow-Gap
Na2Sr(Zn2Sn)2_id620_Final_E-1.44.cif,Na2Sr(Zn2Sn)2,-1.4421,1.304,Semiconductor,I4/mcm,140,36,Solar / Visible
Li23Mg8(Zn2Ga)2_id1472_Final_E-1.42.cif,Li23Mg8(Zn2Ga)2,-1.4189,0.171,Semiconductor,P1,1,37,IR / Narrow-Gap
Li9Mg4(Cd2Ga5)2_id1365_Final_E-1.36.cif,Li9Mg4(Cd2Ga5)2,-1.3598,1.877,Semiconductor,P2,3,54,Solar / Visible
Na6Ca6O_id2180_Final_E-1.34.cif,Na6Ca6O,-1.3426,0.144,Semiconductor,Pm-3,200,13,IR / Narrow-Gap
Sr2Cd(As3P)6_id2807_Final_E-1.33.cif,Sr2Cd(As3P)6,-1.3301,0.078,Semiconductor,P1,1,27,IR / Narrow-Gap
In(SO4)4_id2702_Final_E-1.32.cif,In(SO4)4,-1.3215,0.24,Semiconductor,Pm,1,0,IR / Narrow-Gap
Na6CdIn_id680_Final_E-1.25.cif,Na6CdIn,-1.2466,0.068,Semiconductor,P1,1,24,IR / Narrow-Gap
MgP_id2518_Final_E-1.24.cif,MgP,-1.2399,0.949,Semiconductor,P4/mmm,123,16,IR / Narrow-Gap
K15NaCaSn5_id1796_Final_E-1.24.cif,K15NaCaSn5,-1.2395,0.666,Semiconductor,P1,1,88,IR / Narrow-Gap
K7MgIn6_id2406_Final_E-1.23.cif,K7MgIn6,-1.2282,0.471,Semiconductor,P-31c,163,28,IR / Narrow-Gap
Na(Li2Mg)2_id2698_Final_E-1.22.cif,Na(Li2Mg)2,-1.2227,1.497,Semiconductor,I4_1/amd,141,28,Solar / Visible
Mg4AlInTe3_id1758_Final_E-1.19.cif,Mg4AlInTe3,-1.1904,2.88,Semiconductor,P4mm,99,9,Wide-Gap Power/LED
MgZn4GaO8_id2402_Final_E-1.18.cif,MgZn4GaO8,-1.1839,2.171,Semiconductor,Pm,6,28,Wide-Gap Power/LED
Ca9Ga_id2602_Final_E-1.14.cif,Ca9Ga,-1.1446,1.506,Semiconductor,Pbam,55,20,Solar / Visible
Mg2Cd2In2Sn3_id1467_Final_E-1.12.cif,Mg2Cd2In2Sn3,-1.1196,0.843,Semiconductor,P1,1,18,IR / Narrow-Gap
K2Ba2Na11As4_id1841_Final_E-1.11.cif,K2Ba2Na11As4,-1.1066,1.892,Semiconductor,P1,1,76,Solar / Visible
KNaZn_id2881_Final_E-1.07.cif,KNaZn,-1.0716,0.175,Semiconductor,P4_322,95,24,IR / Narrow-Gap
Cd28Sb3_id2550_Final_E-1.05.cif,Cd28Sb3,-1.0531,0.454,Semiconductor,P1,1,62,IR / Narrow-Gap
Ba2Sr6Ca29_id3147_Final_E-1.03.cif,Ba2Sr6Ca29,-1.0336,0.985,Semiconductor,P1,1,37,IR / Narrow-Gap
KZn_id327_Final_E-0.98.cif,KZn,-0.9807,1.054,Semiconductor,I4_1/amd,141,8,Solar / Visible
NaCa_id3107_Final_E-0.97.cif,NaCa,-0.9676,0.056,Semiconductor,P4/mmm,123,4,IR / Narrow-Gap
Mg7ZnCd28_id3350_Final_E-0.92.cif,Mg7ZnCd28,-0.9224,2.004,Semiconductor,P2,3,72,Wide-Gap Power/LED
Na6Li12Cd7In3_id83_Final_E-0.91.cif,Na6Li12Cd7In3,-0.9062,0.347,Semiconductor,P1,1,28,IR / Narrow-Gap
K3Cd2InGa2_id661_Final_E-0.90.cif,K3Cd2InGa2,-0.8987,1.425,Semiconductor,P1,1,48,Solar / Visible
Na3(SrIn)2_id2267_Final_E-0.90.cif,Na3(SrIn)2,-0.8985,0.491,Semiconductor,Pmm2,25,14,IR / Narrow-Gap
Li24Zn13Te12_id1453_Final_E-0.89.cif,Li24Zn13Te12,-0.886,1.714,Semiconductor,I23,197,98,Solar / Visible
K2Na5Li_id912_Final_E-0.80.cif,K2Na5Li,-0.8043,0.522,Semiconductor,P1,1,16,IR / Narrow-Gap
K20Na13_id386_Final_E-0.69.cif,K20Na13,-0.691,0.335,Semiconductor,P3,143,33,IR / Narrow-Gap
Ba2Sr3Ca5_id2825_Final_E-0.68.cif,Ba2Sr3Ca5,-0.6843,0.213,Semiconductor,P6_122,178,60,IR / Narrow-Gap
K50Cd2SnSb2_id3193_Final_E-0.68.cif,K50Cd2SnSb2,-0.6761,0.226,Semiconductor,P1,1,110,IR / Narrow-Gap
CaCd31_id1369_Final_E-0.67.cif,CaCd31,-0.6663,2.141,Semiconductor,P4/m,83,32,Wide-Gap Power/LED
Li(Mg2Zn)2_id2755_Final_E-0.67.cif,Li(Mg2Zn)2,-0.6655,0.272,Semiconductor,P1,1,28,IR / Narrow-Gap
Li3Si2_id2081_Final_E-0.65.cif,Li3Si2,-0.6527,0.359,Semiconductor,P1,1,80,IR / Narrow-Gap
Ba3Ca3Mg_id136_Final_E-0.59.cif,Ba3Ca3Mg,-0.5878,3.289,Semiconductor,Fm-3m,225,56,Wide-Gap Power/LED
Sc9(SO32)2_id3272_Final_E-0.55.cif,Sc9(SO32)2,-0.5451,2.153,Semiconductor,P31m,157,75,Wide-Gap Power/LED
NaCaMg35Al_id2489_Final_E-0.54.cif,NaCaMg35Al,-0.535,0.129,Semiconductor,P1,1,76,IR / Narrow-Gap
Cd11Ga2_id158_Final_E-0.51.cif,Cd11Ga2,-0.5063,0.127,Semiconductor,Pm,6,13,IR / Narrow-Gap
Mg13In2_id87_Final_E-0.47.cif,Mg13In2,-0.4722,0.089,Semiconductor,P1,1,60,IR / Narrow-Gap
NaSr11Ca_id2253_Final_E-0.46.cif,NaSr11Ca,-0.4573,0.091,Semiconductor,P1,1,52,IR / Narrow-Gap
LiMg4(ScAl)2_id237_Final_E-0.38.cif,LiMg4(ScAl)2,-0.3814,0.601,Semiconductor,P1,1,18,IR / Narrow-Gap
Na4Cd3_id2238_Final_E-0.32.cif,Na4Cd3,-0.3203,0.282,Semiconductor,P3m1,156,7,IR / Narrow-Gap
K9Na2_id2876_Final_E-0.23.cif,K9Na2,-0.2288,0.668,Semiconductor,P1,1,66,IR / Narrow-Gap
K7Ba7Na12_id21_Final_E-0.12.cif,K7Ba7Na12,-0.1185,0.817,Semiconductor,Pm,6,26,IR / Narrow-Gap
