File,Formula,Energy,Bandgap,Application,Type,Space_Group,Stability,E_Above_Hull,Is_Viable,Decomposition
LiSeS_id1057_Final_E-4.04_REFINED_Cmc2_1_METASTABLE.cif,LiSeS,-4.04,0.0,Metal (Conductor),Metal,Cmc2_1 (36),Metastable,0.0071,True,"Li2Se (0.50), SeS7 (0.38), Se (0.12)"
Ca4ScTiO_id915_Final_E-4.82_REFINED_Cm_METASTABLE.cif,Ca4ScTiO,-4.82,0.0,Metal (Conductor),Metal,Cm (8),Metastable,0.0114,True,"CaSc2O4 (0.25), Ca (0.54), Ti (0.14), Sc (0.07)"
Cd(GaSe2)2_id2968_Final_E-3.87_METASTABLE.cif,Cd(GaSe2)2,-3.87,0.0,Metal (Conductor),Metal,P-42m (111),Metastable,0.0153,True,Cd(GaSe2)2 (1.00)
ZnIn_id1339_Final_E-1.99_METASTABLE.cif,ZnIn,-1.99,0.0,Metal (Conductor),Metal,I4_1/acd (142),Metastable,0.0157,True,"In (0.50), Zn (0.50)"
Na(PSe2)2_id1955_Final_E-4.31_METASTABLE.cif,Na(PSe2)2,-4.31,0.0,Metal (Conductor),Metal,P-42m (111),Metastable,0.0159,True,"PSe (0.24), Na2PSe3 (0.43), P2Se5 (0.33)"
Li7Mg_id996_Final_E-1.87_METASTABLE.cif,Li7Mg,-1.87,0.0,Metal (Conductor),Metal,P1 (1),Metastable,0.0173,True,"Li5Mg (0.75), Li (0.25)"
Ba4Sb_id494_Final_E-2.91_METASTABLE.cif,Ba4Sb,-2.91,0.0,Metal (Conductor),Metal,P4_2/nmc (137),Metastable,0.0211,True,"Ba5Sb3 (0.53), Ba (0.47)"
Na4Cd3In2_id2857_Final_E-1.58_METASTABLE.cif,Na4Cd3In2,-1.58,0.0,Metal (Conductor),Metal,P4_22_12 (94),Metastable,0.0274,True,"NaCd3 (0.44), Na2In (0.33), NaIn (0.22)"
NaIn_id309_Final_E-2.14_METASTABLE.cif,NaIn,-2.14,0.0,Metal (Conductor),Metal,I4_1/amd (141),Metastable,0.0323,True,NaIn (1.00)
KMgSn_id1522_Final_E-2.42_METASTABLE.cif,KMgSn,-2.42,0.0,Metal (Conductor),Metal,P-6m2 (187),Metastable,0.0329,True,"K2Mg5Sn3 (0.67), K (0.07), KSn (0.27)"
ZnGeSe2_id552_Final_E-3.88_METASTABLE.cif,ZnGeSe2,-3.88,0.0,Metal (Conductor),Metal,I-42d (122),Metastable,0.0403,True,"GeSe (0.50), ZnSe (0.50)"
Ti(InS2)2_id3364_Final_E-5.36_METASTABLE.cif,Ti(InS2)2,-5.36,0.0,Metal (Conductor),Metal,Pban (50),Metastable,0.0412,True,"Ti5S8 (0.37), InS (0.34), In2S3 (0.29)"
KInTe4_id3117_Final_E-3.40_METASTABLE.cif,KInTe4,-3.4,0.0,Metal (Conductor),Metal,I-42d (122),Metastable,0.0417,True,"K2Te3 (0.42), In2Te5 (0.58)"
KO2_id1861_Final_E-4.61_METASTABLE.cif,KO2,-4.61,0.0,Metal (Conductor),Metal,P2_1/c (14),Metastable,0.046,True,KO2 (1.00)
Li3GaGeTe4_id3083_Final_E-3.67_METASTABLE.cif,Li3GaGeTe4,-3.67,0.0,Metal (Conductor),Metal,P-43m (215),Metastable,0.0467,True,"LiGaTe2 (0.44), Li2Te (0.33), GeTe (0.22)"
KCd2Te4As_id29_Final_E-3.11_METASTABLE.cif,KCd2Te4As,-3.11,0.0,Metal (Conductor),Metal,I-42m (121),Metastable,0.0486,True,"K2Te3 (0.31), CdTe (0.50), As (0.08), Te3As2 (0.10)"
Na2LiS4_id1767_Final_E-4.03.cif,Na2LiS4,-4.03,0.0,Metal (Conductor),Metal,P2/c (13),Unstable,0.0501,False,"NaLiS (0.14), NaS2 (0.71), Li2S (0.14)"
NaTeSe_id2087_Final_E-3.44.cif,NaTeSe,-3.44,0.0,Metal (Conductor),Metal,Aea2 (41),Unstable,0.0571,False,"Na2TeSe3 (0.50), NaTe3 (0.33), NaSe (0.17)"
Li3AlSbSe4_id1065_Final_E-4.17.cif,Li3AlSbSe4,-4.17,0.0,Metal (Conductor),Metal,P-43m (215),Unstable,0.0577,False,"LiSbSe2 (0.30), LiAlSe2 (0.44), Li2Se (0.22), Sb (0.04)"
KGa2_id517_Final_E-2.49.cif,KGa2,-2.49,0.0,Metal (Conductor),Metal,P6/mmm (191),Unstable,0.0592,False,"K2Ga3 (0.56), KGa3 (0.44)"
K2SbTe4_id752_Final_E-3.43_REFINED_Pc.cif,K2SbTe4,-3.43,0.0,Metal (Conductor),Metal,Pc (7),Unstable,0.0603,False,"Sb2Te3 (0.30), K2Te3 (0.54), K3SbTe3 (0.17)"
Li3Te2_id2900_Final_E-3.44.cif,Li3Te2,-3.44,0.0,Metal (Conductor),Metal,P-42_1m (113),Unstable,0.0638,False,"LiTe3 (0.16), Li2Te (0.84)"
Ba2Li(SnSe)2_id871_Final_E-4.31.cif,Ba2Li(SnSe)2,-4.31,0.0,Metal (Conductor),Metal,P-42_1m (113),Unstable,0.0646,False,"BaSn3 (0.29), Li2Se (0.21), BaSe (0.43), Sn (0.07)"
KSb_id2937_Final_E-3.08.cif,KSb,-3.08,0.0,Metal (Conductor),Metal,C2/m (12),Unstable,0.0667,False,KSb (1.00)
KBaSe_id3381_Final_E-3.63.cif,KBaSe,-3.63,0.0,Metal (Conductor),Metal,C2/m (12),Unstable,0.0676,False,"K (0.33), BaSe (0.67)"
NaLiGaSb_id1439_Final_E-2.98.cif,NaLiGaSb,-2.98,0.0,Metal (Conductor),Metal,P3m1 (156),Unstable,0.0677,False,"NaLi2Sb (0.50), NaGa4 (0.16), Na2(GaSb)3 (0.32), Na3Sb (0.02)"
Na4Cd3Sb2_id753_Final_E-2.09.cif,Na4Cd3Sb2,-2.09,0.0,Metal (Conductor),Metal,P-3c1 (165),Unstable,0.068,False,"Na26Cd141 (0.24), NaCdSb (0.39), Na3Sb (0.37)"
PS6_id2853_Final_E-4.58.cif,PS6,-4.58,0.0,Metal (Conductor),Metal,P1 (1),Unstable,0.068,False,"P2S7 (0.64), S (0.36)"
MgTe_id1623_Final_E-3.39.cif,MgTe,-3.39,0.0,Metal (Conductor),Metal,Cmce (64),Unstable,0.0684,False,MgTe (1.00)
InSnTe2_id565_Final_E-3.70.cif,InSnTe2,-3.7,0.0,Metal (Conductor),Metal,I4/mmm (139),Unstable,0.0699,False,InSnTe2 (1.00)
ZnTeS2_id2018_Final_E-3.63.cif,ZnTeS2,-3.63,0.0,Metal (Conductor),Metal,P2_1 (4),Unstable,0.0706,False,"S (0.25), Te (0.25), ZnS (0.50)"
Na3In5_id2289_Final_E-2.25.cif,Na3In5,-2.25,0.0,Metal (Conductor),Metal,I-42d (122),Unstable,0.0708,False,"NaIn3 (0.50), NaIn (0.50)"
LiTe_id522_Final_E-3.44.cif,LiTe,-3.44,0.0,Metal (Conductor),Metal,Pbca (61),Unstable,0.0718,False,"LiTe3 (0.40), Li2Te (0.60)"
SrN10_id1581_Final_E-7.86.cif,SrN10,-7.86,0.0,Metal (Conductor),Metal,Fdd2 (43),Unstable,0.0724,False,"SrN2 (0.27), N2 (0.73)"
Ge2O3_id247_Final_E-6.61.cif,Ge2O3,-6.61,0.0,Metal (Conductor),Metal,P2_1/c (14),Unstable,0.0774,False,"GeO2 (0.90), Ge (0.10)"
MgN2_id2298_Final_E-6.51.cif,MgN2,-6.51,0.0,Metal (Conductor),Metal,P-6m2 (187),Unstable,0.0786,False,"Mg3N2 (0.56), N2 (0.44)"
K2BaS8_id1103_Final_E-4.43.cif,K2BaS8,-4.43,0.0,Metal (Conductor),Metal,P1 (1),Unstable,0.0847,False,"BaS2 (0.27), KS3 (0.73)"
NaO8_id3327_Final_E-4.76.cif,NaO8,-4.76,0.0,Metal (Conductor),Metal,Pba2 (32),Unstable,0.0895,False,"NaO2 (0.33), O2 (0.67)"
K3Ge(Se4S3)2_id3235_Final_E-4.02.cif,K3Ge(Se4S3)2,-4.02,0.0,Metal (Conductor),Metal,P1 (1),Unstable,0.0898,False,"K2GeSe4 (0.38), Ge4Se9 (0.01), KSe3 (0.24), SeS7 (0.38)"
Li2SeS2_id1596_Final_E-4.05.cif,Li2SeS2,-4.05,0.0,Metal (Conductor),Metal,P4_32_12 (96),Unstable,0.0965,False,"Li2S (0.15), Li2Se (0.45), SeS7 (0.40)"
LiSeS_id3343_Final_E-3.95.cif,LiSeS,-3.95,0.0,Metal (Conductor),Metal,Pcc2 (27),Unstable,0.0971,False,"Li2Se (0.50), SeS7 (0.38), Se (0.12)"
K(CaSi2)2_id2763_Final_E-4.03.cif,K(CaSi2)2,-4.03,0.0,Metal (Conductor),Metal,Ibam (72),Unstable,0.0984,False,"K4Si23 (0.20), CaSi (0.57), KSi (0.23)"
K2Li9Mg_id639_Final_E-1.66.cif,K2Li9Mg,-1.66,0.0,Metal (Conductor),Metal,P1 (1),Unstable,0.1014,False,"Li5Mg (0.50), K (0.17), Li (0.33)"
NaO2_id408_Final_E-4.55.cif,NaO2,-4.55,0.0,Metal (Conductor),Metal,Pbca (61),Unstable,0.1027,False,NaO2 (1.00)
Li5S6_id2423_Final_E-4.12.cif,Li5S6,-4.12,0.0,Metal (Conductor),Metal,P1 (1),Unstable,0.1028,False,"LiS4 (0.45), Li2S (0.55)"
K2GaSnAs_id2172_Final_E-3.05.cif,K2GaSnAs,-3.05,0.0,Metal (Conductor),Metal,P2/c (13),Unstable,0.1073,False,"K3Ga3As4 (0.41), KGa3 (0.08), K30Ga9As19 (0.11), KSn (0.40)"
SnSb2Se5_id1142_Final_E-4.19.cif,SnSb2Se5,-4.19,0.0,Metal (Conductor),Metal,P1 (1),Unstable,0.1103,False,"SnSe2 (0.38), Sb2Se3 (0.62)"
K2MgZnSi4_id231_Final_E-3.29.cif,K2MgZnSi4,-3.29,0.0,Metal (Conductor),Metal,P3_121 (152),Unstable,0.1107,False,"K4Si23 (0.31), Mg2Si (0.09), MgZn2 (0.19), KSi (0.41)"
AsS_id785_Final_E-4.67.cif,AsS,-4.67,0.0,Metal (Conductor),Metal,Pca2_1 (29),Unstable,0.113,False,AsS (1.00)
Sb2Te3As_id514_Final_E-3.93_REFINED_P-1.cif,Sb2Te3As,-3.93,0.0,Metal (Conductor),Metal,P-1 (2),Unstable,0.1138,False,"Sb2Te3 (0.83), As (0.17)"
KNaO19_id503_Final_E-4.75.cif,KNaO19,-4.75,0.0,Metal (Conductor),Metal,P1 (1),Unstable,0.1141,False,"NaO2 (0.14), O2 (0.71), KO2 (0.14)"
Li2S_id2313_Final_E-4.04.cif,Li2S,-4.04,0.0,Metal (Conductor),Metal,Pbcn (60),Unstable,0.1152,False,Li2S (1.00)
GeAs2Se7_id1066_Final_E-4.11.cif,GeAs2Se7,-4.11,0.0,Metal (Conductor),Metal,P2/m (10),Unstable,0.1153,False,"Ge4Se9 (0.33), As2Se3 (0.50), Se (0.17)"
MgN14_id1582_Final_E-7.87.cif,MgN14,-7.87,0.0,Metal (Conductor),Metal,Cc (9),Unstable,0.1169,False,"Mg3N2 (0.11), N2 (0.89)"
BaLi4O8_id1616_Final_E-5.19.cif,BaLi4O8,-5.19,0.0,Metal (Conductor),Metal,P-1 (2),Unstable,0.1181,False,"LiO8 (0.20), Li2O2 (0.57), BaO2 (0.23)"
K2Ga2SnSe3_id2456_Final_E-3.68.cif,K2Ga2SnSe3,-3.68,0.0,Metal (Conductor),Metal,Pmc2_1 (26),Unstable,0.1195,False,"GaSe (0.25), K3GaSe3 (0.58), Sn (0.12), Ga (0.04)"
K3(ZnGa2)2_id1441_Final_E-2.00.cif,K3(ZnGa2)2,-2.0,0.0,Metal (Conductor),Metal,P-1 (2),Unstable,0.1204,False,"KZn13 (0.24), K2Ga3 (0.74), K (0.02)"
KLiGa3_id1014_Final_E-2.52.cif,KLiGa3,-2.52,0.0,Metal (Conductor),Metal,P6_5 (170),Unstable,0.1245,False,"K2Ga3 (0.27), KGa3 (0.37), Li5Ga4 (0.36)"
ZnSe2_id1555_Final_E-3.27.cif,ZnSe2,-3.27,0.0,Metal (Conductor),Metal,Pnnn (48),Unstable,0.1247,False,ZnSe2 (1.00)
LiAs4(Se2S)2_id3237_Final_E-4.32.cif,LiAs4(Se2S)2,-4.32,0.0,Metal (Conductor),Metal,I4/m (87),Unstable,0.127,False,"Li3AsS3 (0.21), AsS (0.18), As2Se3 (0.61)"
KCaO8_id3371_Final_E-5.10.cif,KCaO8,-5.1,0.0,Metal (Conductor),Metal,P4/nbm (125),Unstable,0.1281,False,"CaO2 (0.30), O2 (0.40), KO2 (0.30)"
LiO2_id1950_Final_E-4.93.cif,LiO2,-4.93,0.0,Metal (Conductor),Metal,P2_1/c (14),Unstable,0.1309,False,"LiO8 (0.43), Li2O2 (0.57)"
K3As(SeS)3_id632_Final_E-3.91.cif,K3As(SeS)3,-3.91,0.0,Metal (Conductor),Metal,P1 (1),Unstable,0.1327,False,"K2Se3 (0.22), K3AsS4 (0.13), KAsSe2 (0.33), KS3 (0.31)"
Ca2N5_id2630_Final_E-7.03.cif,Ca2N5,-7.03,0.0,Metal (Conductor),Metal,Pccn (56),Unstable,0.1341,False,"CaN2 (0.86), N2 (0.14)"
Na2Se_id2010_Final_E-3.13.cif,Na2Se,-3.13,0.0,Metal (Conductor),Metal,I4/m (87),Unstable,0.1362,False,Na2Se (1.00)
ZnInTe2Se3_id300_Final_E-3.47.cif,ZnInTe2Se3,-3.47,0.0,Metal (Conductor),Metal,Pm (6),Unstable,0.1376,False,"Zn(InSe2)2 (0.23), TeSe2 (0.28), ZnSe (0.22), In2Te5 (0.27)"
Li4GeAs_id3189_Final_E-3.25.cif,Li4GeAs,-3.25,0.0,Metal (Conductor),Metal,P1 (1),Unstable,0.1378,False,"LiGe (0.33), Li3As (0.67)"
BaInGaO3_id3354_Final_E-5.93.cif,BaInGaO3,-5.93,0.0,Metal (Conductor),Metal,Pcc2 (27),Unstable,0.1414,False,"Ba2InGaO5 (0.30), In2O3 (0.06), Ba3Ga4O9 (0.53), In (0.11)"
AsPSe2_id1874_Final_E-4.45_REFINED_Cc.cif,AsPSe2,-4.45,0.0,Metal (Conductor),Metal,Cc (9),Unstable,0.1452,False,"As2Se3 (0.62), PSe (0.25), P (0.12)"
K2Na3In2Ga_id900_Final_E-1.80.cif,K2Na3In2Ga,-1.8,0.0,Metal (Conductor),Metal,P-1 (2),Unstable,0.1488,False,"K8In11 (0.17), Na2In (0.46), Na7Ga13 (0.19), K (0.18)"
Sr3Ca3N4_id2093_Final_E-5.10.cif,Sr3Ca3N4,-5.1,0.0,Metal (Conductor),Metal,P1 (1),Unstable,0.1506,False,"Sr2N (0.30), Ca3N2 (0.50), SrN (0.20)"
KAs4_id1694_Final_E-4.05.cif,KAs4,-4.05,0.0,Metal (Conductor),Metal,P4_122 (91),Unstable,0.1515,False,"K3As11 (0.93), As (0.07)"
K2NaO2_id3181_Final_E-3.86.cif,K2NaO2,-3.86,0.0,Metal (Conductor),Metal,Pbca (61),Unstable,0.1519,False,"K2O2 (0.40), K2O (0.30), Na2O (0.30)"
Li2Ti2O5_id2311_Final_E-7.93.cif,Li2Ti2O5,-7.93,0.0,Metal (Conductor),Metal,Pbcn (60),Unstable,0.1528,False,"Li2TiO3 (0.67), TiO2 (0.33)"
SrGaTe2_id213_Final_E-3.86.cif,SrGaTe2,-3.86,0.0,Metal (Conductor),Metal,I4_1/amd (141),Unstable,0.1556,False,"GaTe (0.50), SrTe (0.50)"
LiTeSe_id2297_Final_E-3.55.cif,LiTeSe,-3.55,0.0,Metal (Conductor),Metal,P4_32_12 (96),Unstable,0.1575,False,"LiTe3 (0.31), TeSe2 (0.31), Li2Se (0.38)"
Cd3In4_id56_Final_E-1.81.cif,Cd3In4,-1.81,0.0,Metal (Conductor),Metal,C2/m (12),Unstable,0.1579,False,"In (0.57), Cd (0.43)"
Sn(GeS)2_id2983_Final_E-4.62.cif,Sn(GeS)2,-4.62,0.0,Metal (Conductor),Metal,P1 (1),Unstable,0.1663,False,"SnGeS3 (0.50), Ge (0.30), SnS (0.20)"
SiS9_id28_Final_E-4.40.cif,SiS9,-4.4,0.0,Metal (Conductor),Metal,P2 (3),Unstable,0.1687,False,"SiS2 (0.30), S (0.70)"
PS_id1223_Final_E-5.01.cif,PS,-5.01,0.0,Metal (Conductor),Metal,P2_1/c (14),Unstable,0.1738,False,"P4S7 (0.34), P4S3 (0.66)"
Mg4AlS3_id1511_Final_E-3.91.cif,Mg4AlS3,-3.91,0.0,Metal (Conductor),Metal,P6_3 (173),Unstable,0.174,False,"Mg17Al12 (0.16), MgAl2 (0.09), MgS (0.75)"
As2Se_id3038_Final_E-4.32.cif,As2Se,-4.32,0.0,Metal (Conductor),Metal,Cmcm (63),Unstable,0.1744,False,"As2Se3 (0.56), As (0.44)"
Sc3SnTe4_id2764_Final_E-5.56.cif,Sc3SnTe4,-5.56,0.0,Metal (Conductor),Metal,Pm-3m (221),Unstable,0.1798,False,"ScSn2 (0.12), Sc2Te3 (0.83), Sn (0.04)"
BaP_id316_Final_E-4.47.cif,BaP,-4.47,0.0,Metal (Conductor),Metal,P6_3/mmc (194),Unstable,0.1805,False,"Ba3P4 (0.44), Ba5P4 (0.56)"
LiTiN_id1437_Final_E-7.13.cif,LiTiN,-7.13,0.0,Metal (Conductor),Metal,Pnma (62),Unstable,0.1816,False,"TiN (0.67), Li (0.33)"
KNaInSn_id338_Final_E-2.33.cif,KNaInSn,-2.33,0.0,Metal (Conductor),Metal,F-43m (216),Unstable,0.1819,False,"NaIn (0.50), KSn (0.50)"
KNaZn_id2881_Final_E-1.07.cif,KNaZn,-1.07,0.0,Metal (Conductor),Metal,P4_322 (95),Unstable,0.185,False,"K (0.31), Na (0.33), KZn13 (0.36)"
B2As2S3_id2138_Final_E-5.35.cif,B2As2S3,-5.35,0.0,Metal (Conductor),Metal,P4_2mc (105),Unstable,0.1876,False,"B2S3 (0.71), As (0.29)"
Ba3SbSe3_id2434_Final_E-4.68_REFINED_P-1.cif,Ba3SbSe3,-4.68,0.0,Metal (Conductor),Metal,P-1 (2),Unstable,0.188,False,"Sb (0.14), BaSe (0.86)"
Ge(AsS2)2_id730_Final_E-4.67.cif,Ge(AsS2)2,-4.67,0.0,Metal (Conductor),Metal,I-42d (122),Unstable,0.19,False,"AsS (0.57), GeS2 (0.43)"
GeS10_id999_Final_E-4.17_REFINED_Pm.cif,GeS10,-4.17,0.0,Metal (Conductor),Metal,Pm (6),Unstable,0.1918,False,"GeS2 (0.27), S (0.73)"
Li7Sc2_id2510_Final_E-2.70.cif,Li7Sc2,-2.7,0.0,Metal (Conductor),Metal,P1 (1),Unstable,0.1919,False,"Sc (0.22), Li (0.78)"
Sn2SbS4_id2610_Final_E-4.55.cif,Sn2SbS4,-4.55,0.0,Metal (Conductor),Metal,Fdd2 (43),Unstable,0.1935,False,"SnS2 (0.21), Sb2S3 (0.36), SnS (0.43)"
Mg5N12_id2310_Final_E-6.60.cif,Mg5N12,-6.6,0.0,Metal (Conductor),Metal,P-42_1c (114),Unstable,0.1942,False,"Mg3N2 (0.49), N2 (0.51)"
Li2AlGaSe4_id434_Final_E-4.11.cif,Li2AlGaSe4,-4.11,0.0,Metal (Conductor),Metal,I-42d (122),Unstable,0.1978,False,"LiGaSe2 (0.50), LiAlSe2 (0.50)"
AlGa2SiSe_id2785_Final_E-3.92.cif,AlGa2SiSe,-3.92,0.0,Metal (Conductor),Metal,P1 (1),Unstable,0.199,False,"Al2Se3 (0.33), Al (0.07), Si (0.20), Ga (0.40)"
Zn8(InGa3)3_id2123_Final_E-2.08.cif,Zn8(InGa3)3,-2.08,0.0,Metal (Conductor),Metal,P1 (1),Unstable,0.1993,False,"Zn (0.40), In (0.15), Ga (0.45)"
Mg7ZnCd28_id3350_Final_E-0.92.cif,Mg7ZnCd28,-0.92,0.0,Metal (Conductor),Metal,P222_1 (17),Unstable,0.1999,False,"MgCd3 (0.72), MgZn2 (0.04), Cd (0.24)"
LiGeAs_id806_Final_E-3.86.cif,LiGeAs,-3.86,0.0,Metal (Conductor),Metal,P6_522 (179),Unstable,0.2059,False,"Li3As (0.44), GeAs (0.44), Ge (0.11)"
K2Ca(GaGe)4_id1166_Final_E-3.21.cif,K2Ca(GaGe)4,-3.21,0.0,Metal (Conductor),Metal,Fdd2 (43),Unstable,0.2083,False,"K3Ge17 (0.26), CaGaGe (0.27), KGa3 (0.36), KGe (0.10)"
Li2O2_id2344_Final_E-4.87.cif,Li2O2,-4.87,0.0,Metal (Conductor),Metal,P4_2/mmc (131),Unstable,0.2086,False,Li2O2 (1.00)
Cd28Sb3_id2550_Final_E-1.05_REFINED_C2_c.cif,Cd28Sb3,-1.05,0.0,Metal (Conductor),Metal,C2/c (15),Unstable,0.209,False,"CdSb (0.19), Cd (0.81)"
KNaAs_id1426_Final_E-2.57.cif,KNaAs,-2.57,0.0,Metal (Conductor),Metal,P-6m2 (187),Unstable,0.2092,False,"K2NaAs (0.19), K5As4 (0.43), Na3As (0.38)"
Ba(N4O)3_id2670_Final_E-7.66.cif,Ba(N4O)3,-7.66,0.0,Metal (Conductor),Metal,P-1 (2),Unstable,0.2097,False,"Ba(NO3)2 (0.23), N2 (0.70), BaO (0.08)"
TiGaO_id2817_Final_E-7.08.cif,TiGaO,-7.08,0.0,Metal (Conductor),Metal,P2_1/c (14),Unstable,0.212,False,"Ti2O3 (0.56), TiGa3 (0.44)"
Li4O11_id204_Final_E-4.84.cif,Li4O11,-4.84,0.0,Metal (Conductor),Metal,P1 (1),Unstable,0.2139,False,"LiO8 (0.60), Li2O2 (0.40)"
AlSi3_id2624_Final_E-4.79.cif,AlSi3,-4.79,0.0,Metal (Conductor),Metal,C2/c (15),Unstable,0.2154,False,"Si (0.75), Al (0.25)"
Mg(GaGe)2_id612_Final_E-3.25.cif,Mg(GaGe)2,-3.25,0.0,Metal (Conductor),Metal,P4_332 (212),Unstable,0.2162,False,"Mg2Ga5 (0.56), Mg2Ge (0.06), Ge (0.38)"
NaMgS12_id1557_Final_E-4.00.cif,NaMgS12,-4.0,0.0,Metal (Conductor),Metal,Fd-3 (203),Unstable,0.2171,False,"MgS2 (0.21), Na2S5 (0.25), S (0.54)"
K7S9_id2208_Final_E-3.72.cif,K7S9,-3.72,0.0,Metal (Conductor),Metal,P1 (1),Unstable,0.2189,False,"K2S3 (0.62), KS (0.38)"
CaSn2(GeO2)2_id2709_Final_E-6.01.cif,CaSn2(GeO2)2,-6.01,0.0,Metal (Conductor),Metal,P4_2/m (84),Unstable,0.2202,False,"CaGeO3 (0.56), SnO (0.22), Ge (0.11), Sn (0.11)"
NaCaSc2O6_id741_Final_E-7.28_REFINED_C2_m.cif,NaCaSc2O6,-7.28,0.0,Metal (Conductor),Metal,C2/m (12),Unstable,0.2216,False,"CaO2 (0.15), NaScO2 (0.40), CaSc2O4 (0.35), O2 (0.10)"
NaSi3(GeTe)3_id652_Final_E-4.19.cif,NaSi3(GeTe)3,-4.19,0.0,Metal (Conductor),Metal,P-1 (2),Unstable,0.2243,False,"Na4Si2Te5 (0.27), Ge (0.12), Si (0.25), GeTe (0.35)"
AlSi_id1487_Final_E-4.36.cif,AlSi,-4.36,0.0,Metal (Conductor),Metal,Pbca (61),Unstable,0.2254,False,"Si (0.50), Al (0.50)"
InSiS19_id120_Final_E-4.15.cif,InSiS19,-4.15,0.0,Metal (Conductor),Metal,P1 (1),Unstable,0.2257,False,"In2S3 (0.12), SiS2 (0.14), S (0.74)"
NaMg2InSe4_id1258_Final_E-3.69.cif,NaMg2InSe4,-3.69,0.0,Metal (Conductor),Metal,I-42d (122),Unstable,0.2267,False,"NaInSe2 (0.50), MgSe (0.50)"
Na2O_id794_Final_E-3.74.cif,Na2O,-3.74,0.0,Metal (Conductor),Metal,Cmce (64),Unstable,0.2295,False,Na2O (1.00)
As4P_id1772_Final_E-4.58.cif,As4P,-4.58,0.0,Metal (Conductor),Metal,I4_1/a (88),Unstable,0.23,False,"P (0.20), As (0.80)"
CdPS_id1747_Final_E-3.85.cif,CdPS,-3.85,0.0,Metal (Conductor),Metal,P2_1/m (11),Unstable,0.2301,False,"P (0.33), CdS (0.67)"
Li2SbSe2_id449_Final_E-3.79.cif,Li2SbSe2,-3.79,0.0,Metal (Conductor),Metal,I4/mmm (139),Unstable,0.2304,False,"LiSbSe2 (0.53), Sb (0.07), Li2Se (0.40)"
Na9Te4SeS4_id536_Final_E-3.27.cif,Na9Te4SeS4,-3.27,0.0,Metal (Conductor),Metal,I4 (79),Unstable,0.2402,False,"Na2S (0.40), Na2TeS3 (0.18), NaTe3 (0.26), Na2Se (0.17)"
KZn_id327_Final_E-0.98.cif,KZn,-0.98,0.0,Metal (Conductor),Metal,Fd-3m (227),Unstable,0.2413,False,"KZn13 (0.54), K (0.46)"
Al9Ga2_id2773_Final_E-3.37.cif,Al9Ga2,-3.37,0.0,Metal (Conductor),Metal,P1 (1),Unstable,0.2451,False,"Ga (0.18), Al (0.82)"
Ba4LiIn3O6_id1476_Final_E-5.36.cif,Ba4LiIn3O6,-5.36,0.0,Metal (Conductor),Metal,Im-3m (229),Unstable,0.2476,False,"Ba3In2O6 (0.39), Li2O (0.11), BaO (0.36), In (0.14)"
NaLi2TiO4_id1572_Final_E-6.42.cif,NaLi2TiO4,-6.42,0.0,Metal (Conductor),Metal,Pnn2 (34),Unstable,0.253,False,"Li2O2 (0.12), Na4TiO4 (0.28), LiO8 (0.04), Li2TiO3 (0.56)"
Li3Ca2O2_id2_Final_E-4.44_REFINED_P-1.cif,Li3Ca2O2,-4.44,0.0,Metal (Conductor),Metal,P-1 (2),Unstable,0.254,False,"Li (0.43), CaO (0.57)"
NaSn5(GeO2)2_id2614_Final_E-5.16.cif,NaSn5(GeO2)2,-5.16,0.0,Metal (Conductor),Metal,P-4m2 (115),Unstable,0.2546,False,"SnO (0.42), Na2GeO3 (0.25), Ge (0.12), Sn (0.21)"
KNaCdSn3_id1721_Final_E-2.50.cif,KNaCdSn3,-2.5,0.0,Metal (Conductor),Metal,P-4n2 (118),Unstable,0.258,False,"Na2CdSn (0.05), Na26Cd141 (0.18), K4Sn9 (0.54), NaSn (0.22)"
Te4AsO4_id2525_Final_E-4.93.cif,Te4AsO4,-4.93,0.0,Metal (Conductor),Metal,I4_1/a (88),Unstable,0.2591,False,"TeO2 (0.42), Te (0.31), As2O3 (0.28)"
Li2Be2Si5P_id3065_Final_E-4.35.cif,Li2Be2Si5P,-4.35,0.0,Metal (Conductor),Metal,P1 (1),Unstable,0.2602,False,"LiBeP (0.15), Li3P (0.20), Si (0.50), Be (0.15)"
Na6CdIn_id680_Final_E-1.25.cif,Na6CdIn,-1.25,0.0,Metal (Conductor),Metal,P1 (1),Unstable,0.2616,False,"Na3Cd (0.50), Na2In (0.38), Na (0.12)"
ZnO_id2693_Final_E-4.63.cif,ZnO,-4.63,0.0,Metal (Conductor),Metal,P4_2/ncm (138),Unstable,0.2648,False,ZnO (1.00)
ZnCd(S2N3)4_id2737_Final_E-6.07.cif,ZnCd(S2N3)4,-6.07,0.0,Metal (Conductor),Metal,R-3 (148),Unstable,0.2671,False,"CdS2 (0.14), S (0.23), N2 (0.55), ZnS (0.09)"
Li2As2N2O_id813_Final_E-5.58.cif,Li2As2N2O,-5.58,0.0,Metal (Conductor),Metal,P2_1/c (14),Unstable,0.2688,False,"Li2O (0.43), N2 (0.29), As (0.29)"
MgTiGeAs2_id2803_Final_E-5.00.cif,MgTiGeAs2,-5.0,0.0,Metal (Conductor),Metal,Pmmm (47),Unstable,0.2699,False,"Mg3As2 (0.33), TiAs (0.40), Ge (0.13), GeAs (0.13)"
SeS_id1988_Final_E-3.78.cif,SeS,-3.78,0.0,Metal (Conductor),Metal,P4/m (83),Unstable,0.2728,False,"SeS7 (0.57), Se (0.43)"
Sc3Se4_id2748_Final_E-6.38.cif,Sc3Se4,-6.38,0.0,Metal (Conductor),Metal,I-43d (220),Unstable,0.274,False,"ScSe (0.29), Sc2Se3 (0.71)"
LiAlTe5O4_id350_Final_E-5.01.cif,LiAlTe5O4,-5.01,0.0,Metal (Conductor),Metal,P-42m (111),Unstable,0.2769,False,"LiAl5O8 (0.25), TeO2 (0.33), LiTe3 (0.29), Te (0.13)"
K6SiSn6_id254_Final_E-2.77.cif,K6SiSn6,-2.77,0.0,Metal (Conductor),Metal,P1 (1),Unstable,0.2795,False,"Si (0.08), KSn (0.92)"
Li(ZnGe)3_id372_Final_E-2.62.cif,Li(ZnGe)3,-2.62,0.0,Metal (Conductor),Metal,Pm-3n (223),Unstable,0.2809,False,"LiZnGe (0.43), Ge (0.29), Zn (0.29)"
Ca3MgNO3_id893_Final_E-6.24.cif,Ca3MgNO3,-6.24,0.0,Metal (Conductor),Metal,Pm-3m (221),Unstable,0.2829,False,"Mg3N2 (0.16), CaO (0.69), CaN2 (0.09), MgO (0.06)"
CdGa3(Se2S)4_id2020_Final_E-3.77.cif,CdGa3(Se2S)4,-3.77,0.0,Metal (Conductor),Metal,P1 (1),Unstable,0.2842,False,"CdSe2 (0.19), Ga2Se3 (0.47), Se (0.06), SeS7 (0.29)"
Li2Sc2SnSe6_id2354_Final_E-4.97.cif,Li2Sc2SnSe6,-4.97,0.0,Metal (Conductor),Metal,Cccm (66),Unstable,0.2858,False,"Li2SnSe3 (0.55), Sc2Se3 (0.45)"
LiSO_id1782_Final_E-5.14.cif,LiSO,-5.14,0.0,Metal (Conductor),Metal,P1 (1),Unstable,0.2872,False,"LiS4 (0.24), Li2SO4 (0.58), Li2S (0.18)"
K2Zn5O4_id3334_Final_E-3.69.cif,K2Zn5O4,-3.69,0.0,Metal (Conductor),Metal,I4/m (87),Unstable,0.2906,False,"KZn13 (0.19), K2Zn3O4 (0.76), ZnO (0.05)"
SrSi10_id25_Final_E-4.88.cif,SrSi10,-4.88,0.0,Metal (Conductor),Metal,P2_1/m (11),Unstable,0.2925,False,"SrSi2 (0.27), Si (0.73)"
Ti2Be2B_id2089_Final_E-6.14.cif,Ti2Be2B,-6.14,0.0,Metal (Conductor),Metal,P6_422 (181),Unstable,0.2989,False,"TiBe2 (0.60), TiB (0.40)"
Li6Ti3Ga2_id766_Final_E-3.65.cif,Li6Ti3Ga2,-3.65,0.0,Metal (Conductor),Metal,C2/c (15),Unstable,0.3007,False,"Ti2Ga (0.41), Li2Ga (0.14), Li (0.45)"
InCO4_id1566_Final_E-6.71.cif,InCO4,-6.71,0.0,Metal (Conductor),Metal,I4_1/a (88),Unstable,0.3022,False,"In2O3 (0.42), CO2 (0.50), O2 (0.08)"
SiSb(AsP8)2_id863_Final_E-4.99.cif,SiSb(AsP8)2,-4.99,0.0,Metal (Conductor),Metal,P1 (1),Unstable,0.3045,False,"SbAs (0.10), SiP2 (0.15), P (0.70), As (0.05)"
MgO2_id1179_Final_E-5.56.cif,MgO2,-5.56,0.0,Metal (Conductor),Metal,Cmce (64),Unstable,0.3077,False,"MgO (0.67), O2 (0.33)"
ZnTeAsSe_id2222_Final_E-3.34_REFINED_C2.cif,ZnTeAsSe,-3.34,0.0,Metal (Conductor),Metal,C2 (5),Unstable,0.3089,False,"As2Se3 (0.42), ZnTe (0.50), As (0.08)"
SrGa(SiO3)2_id1687_Final_E-7.31.cif,SrGa(SiO3)2,-7.31,0.0,Metal (Conductor),Metal,P1 (1),Unstable,0.311,False,"SrGa2(SiO4)2 (0.43), SrSiO3 (0.33), SiO2 (0.20), Ga (0.03)"
BaCaO4_id1287_Final_E-5.83.cif,BaCaO4,-5.83,0.0,Metal (Conductor),Metal,Pban (50),Unstable,0.3121,False,"BaO10 (0.23), BaO2 (0.44), CaO (0.33)"
Ti3(SnO)2_id3279_Final_E-7.40.cif,Ti3(SnO)2,-7.4,0.0,Metal (Conductor),Metal,P4/mnc (128),Unstable,0.3148,False,"Ti2Sn3 (0.36), Sn (0.07), TiO (0.57)"
K4Sr(ZnSi)5_id175_Final_E-2.45.cif,K4Sr(ZnSi)5,-2.45,0.0,Metal (Conductor),Metal,P1 (1),Unstable,0.3152,False,"Sr2Zn5Si3 (0.25), SrZn13 (0.22), K (0.01), KSi (0.51)"
K2SnGe_id2973_Final_E-2.65.cif,K2SnGe,-2.65,0.0,Metal (Conductor),Metal,Pmmn (59),Unstable,0.3154,False,"KSn (0.50), KGe (0.50)"
MgSiPSe_id1396_Final_E-4.48.cif,MgSiPSe,-4.48,0.0,Metal (Conductor),Metal,Pca2_1 (29),Unstable,0.316,False,"SiP (0.50), MgSe (0.50)"
LiBeSiGe2_id2361_Final_E-3.86.cif,LiBeSiGe2,-3.86,0.0,Metal (Conductor),Metal,P-1 (2),Unstable,0.3163,False,"Ge (0.20), Si (0.20), Be (0.20), LiGe (0.40)"
AlAs2_id478_Final_E-4.36.cif,AlAs2,-4.36,0.0,Metal (Conductor),Metal,I4_1cd (110),Unstable,0.318,False,"AlAs (0.67), As (0.33)"
LiP_id2995_Final_E-3.86.cif,LiP,-3.86,0.0,Metal (Conductor),Metal,P1 (1),Unstable,0.3244,False,LiP (1.00)
Sb4As7PS6_id972_Final_E-4.39.cif,Sb4As7PS6,-4.39,0.0,Metal (Conductor),Metal,Ima2 (46),Unstable,0.3252,False,"Sb2S3 (0.56), P (0.06), As (0.39)"
K3BaLi3Se4_id1153_Final_E-3.48.cif,K3BaLi3Se4,-3.48,0.0,Metal (Conductor),Metal,Pm-3n (223),Unstable,0.3258,False,"KLiSe (0.82), BaSe (0.18)"
KBaO32_id1430_Final_E-4.70.cif,KBaO32,-4.7,0.0,Metal (Conductor),Metal,P-3 (147),Unstable,0.3277,False,"BaO10 (0.32), O2 (0.59), KO2 (0.09)"
CaCd31_id1369_Final_E-0.67.cif,CaCd31,-0.67,0.0,Metal (Conductor),Metal,P4/m (83),Unstable,0.3278,False,"CaCd6 (0.22), Cd (0.78)"
MgSi_id1449_Final_E-3.28.cif,MgSi,-3.28,0.0,Metal (Conductor),Metal,I4_1/amd (141),Unstable,0.3293,False,"Mg2Si (0.75), Si (0.25)"
AsS3_id2012_Final_E-4.24.cif,AsS3,-4.24,0.0,Metal (Conductor),Metal,Pm (6),Unstable,0.3297,False,"AsS2 (0.75), S (0.25)"
BaP_id1447_Final_E-4.32_REFINED_P2.cif,BaP,-4.32,0.0,Metal (Conductor),Metal,P2 (3),Unstable,0.3305,False,"Ba3P4 (0.44), Ba5P4 (0.56)"
NaGeO2_id1660_Final_E-5.64.cif,NaGeO2,-5.64,0.0,Metal (Conductor),Metal,I4_122 (98),Unstable,0.3305,False,"Na4Ge9O20 (0.29), Na2GeO3 (0.64), Ge (0.06)"
Se2S5_id1072_Final_E-3.96.cif,Se2S5,-3.96,0.0,Metal (Conductor),Metal,Pba2 (32),Unstable,0.3314,False,"SeS7 (0.82), Se (0.18)"
KLiP_id1053_Final_E-2.98.cif,KLiP,-2.98,0.0,Metal (Conductor),Metal,P4_2/m (84),Unstable,0.3342,False,"K4P3 (0.52), Li3P (0.44), K (0.04)"
AsS5_id2407_Final_E-4.09.cif,AsS5,-4.09,0.0,Metal (Conductor),Metal,P2 (3),Unstable,0.3353,False,"AsS2 (0.50), S (0.50)"
MgS_id265_Final_E-4.21.cif,MgS,-4.21,0.0,Metal (Conductor),Metal,Pmmm (47),Unstable,0.3359,False,MgS (1.00)
SeO_id2320_Final_E-4.75.cif,SeO,-4.75,0.0,Metal (Conductor),Metal,Pbca (61),Unstable,0.3375,False,"SeO2 (0.75), Se (0.25)"
Li6Al(TeSe)4_id2287_Final_E-3.57.cif,Li6Al(TeSe)4,-3.57,0.0,Metal (Conductor),Metal,R3m (160),Unstable,0.3386,False,"LiAlSe2 (0.27), TeSe2 (0.02), Li2Se (0.37), LiTe3 (0.35)"
KNaAsS17_id1470_Final_E-3.92.cif,KNaAsS17,-3.92,0.0,Metal (Conductor),Metal,P1 (1),Unstable,0.3395,False,"AsS2 (0.15), KS3 (0.20), Na2S5 (0.18), S (0.48)"
S4O_id2372_Final_E-4.41.cif,S4O,-4.41,0.0,Metal (Conductor),Metal,Pc (7),Unstable,0.3454,False,"SO2 (0.30), S (0.70)"
Na4As3_id2026_Final_E-2.80.cif,Na4As3,-2.8,0.0,Metal (Conductor),Metal,I-43d (220),Unstable,0.347,False,"NaAs (0.71), Na3As (0.29)"
NaLi3P_id76_Final_E-2.70.cif,NaLi3P,-2.7,0.0,Metal (Conductor),Metal,Pnn2 (34),Unstable,0.3498,False,"Li3P (0.80), Na (0.20)"
Li2Mg6Sn_id2878_Final_E-1.75.cif,Li2Mg6Sn,-1.75,0.0,Metal (Conductor),Metal,P1 (1),Unstable,0.3559,False,"LiMg149 (0.37), Mg149Sn (0.19), Li2MgSn (0.44)"
Li3CaGa_id1095_Final_E-1.99_REFINED_I4_mmm.cif,Li3CaGa,-1.99,0.0,Metal (Conductor),Metal,I4/mmm (139),Unstable,0.3601,False,"LiCa2Ga (0.40), Li2Ga (0.30), Li (0.30)"
N2O_id759_Final_E-7.19.cif,N2O,-7.19,0.0,Metal (Conductor),Metal,P2_1 (4),Unstable,0.3601,False,"NO2 (0.50), N2 (0.50)"
Al2CdGa6Sn5_id1715_Final_E-2.97.cif,Al2CdGa6Sn5,-2.97,0.0,Metal (Conductor),Metal,P1 (1),Unstable,0.3607,False,"Al (0.14), Ga (0.43), Cd (0.07), Sn (0.36)"
Ge3PO2_id3118_Final_E-5.68.cif,Ge3PO2,-5.68,0.0,Metal (Conductor),Metal,Pc (7),Unstable,0.3643,False,"GeP2O7 (0.48), Ge (0.45), P (0.07)"
Na4SiS6_id253_Final_E-3.97_REFINED_P2_12_12.cif,Na4SiS6,-3.97,0.0,Metal (Conductor),Metal,P2_12_12 (18),Unstable,0.3644,False,"NaS2 (0.14), Na2Si2S5 (0.41), NaS (0.45)"
MgSe_id2056_Final_E-3.67.cif,MgSe,-3.67,0.0,Metal (Conductor),Metal,P4/m (83),Unstable,0.3675,False,MgSe (1.00)
SeS2_id1279_Final_E-3.86.cif,SeS2,-3.86,0.0,Metal (Conductor),Metal,P3_112 (151),Unstable,0.3784,False,"SeS7 (0.76), Se (0.24)"
KNa2GaS6_id679_Final_E-3.85.cif,KNa2GaS6,-3.85,0.0,Metal (Conductor),Metal,P2 (3),Unstable,0.3796,False,"KGaS2 (0.40), NaS2 (0.60)"
Na2Li4AlP2_id994_Final_E-2.92.cif,Na2Li4AlP2,-2.92,0.0,Metal (Conductor),Metal,I4/mmm (139),Unstable,0.3836,False,"Na2LiAlP2 (0.29), LiAl3 (0.08), Li3P (0.50), Na (0.12)"
KAlZn2O6_id2493_Final_E-5.21.cif,KAlZn2O6,-5.21,0.0,Metal (Conductor),Metal,P1 (1),Unstable,0.3871,False,"KO2 (0.30), Al2ZnO4 (0.35), O2 (0.05), ZnO (0.30)"
As(P3S7)2_id548_Final_E-4.65.cif,As(P3S7)2,-4.65,0.0,Metal (Conductor),Metal,Pc (7),Unstable,0.3875,False,"P4S9 (0.54), P4S7 (0.20), As2P2S7 (0.26)"
ScTeS2_id2035_Final_E-5.43_REFINED_Cm.cif,ScTeS2,-5.43,0.0,Metal (Conductor),Metal,Cm (8),Unstable,0.3913,False,"Sc2S3 (0.62), S (0.12), Te (0.25)"
K2(SnO2)3_id2820_Final_E-5.59.cif,K2(SnO2)3,-5.59,0.0,Metal (Conductor),Metal,P6_3/mmc (194),Unstable,0.3935,False,"K2Sn3O7 (0.73), SnO (0.06), K2Sn2O3 (0.21)"
K11Na4O5_id557_Final_E-2.71.cif,K11Na4O5,-2.71,0.0,Metal (Conductor),Metal,P2_12_12 (18),Unstable,0.3953,False,"K2O (0.45), Na2O (0.30), K (0.25)"
CaZn5(GaO2)6_id1896_Final_E-5.22.cif,CaZn5(GaO2)6,-5.22,0.0,Metal (Conductor),Metal,P1 (1),Unstable,0.3967,False,"CaGa4O7 (0.13), Zn(GaO2)2 (0.58), Ca3Ga4O9 (0.17), Zn (0.12)"
SbO11_id1039_Final_E-4.99.cif,SbO11,-4.99,0.0,Metal (Conductor),Metal,P2 (3),Unstable,0.3996,False,"Sb2O5 (0.29), O2 (0.71)"
GeS2_id817_Final_E-4.56.cif,GeS2,-4.56,0.0,Metal (Conductor),Metal,P3_221 (154),Unstable,0.4026,False,GeS2 (1.00)
KZn2BO4_id1310_Final_E-5.58.cif,KZn2BO4,-5.58,0.0,Metal (Conductor),Metal,P1 (1),Unstable,0.4028,False,"ZnO (0.50), KBO2 (0.50)"
AlN_id2713_Final_E-7.22.cif,AlN,-7.22,0.0,Metal (Conductor),Metal,Fmm2 (42),Unstable,0.4054,False,AlN (1.00)
Na3MgN2_id1621_Final_E-3.58.cif,Na3MgN2,-3.58,0.0,Metal (Conductor),Metal,Pn-3m (224),Unstable,0.4068,False,"Mg3N2 (0.28), Na (0.28), NaN (0.44)"
Zn2O_id3239_Final_E-3.27.cif,Zn2O,-3.27,0.0,Metal (Conductor),Metal,P2_1/c (14),Unstable,0.4131,False,"ZnO (0.67), Zn (0.33)"
MgN_id873_Final_E-5.30.cif,MgN,-5.3,0.0,Metal (Conductor),Metal,Pmmm (47),Unstable,0.4147,False,"Mg3N2 (0.83), N2 (0.17)"
BaZn2SnO18_id875_Final_E-4.93.cif,BaZn2SnO18,-4.93,0.0,Metal (Conductor),Metal,P-3 (147),Unstable,0.4161,False,"SnO2 (0.14), BaO10 (0.50), ZnO (0.18), O2 (0.18)"
GaAs_id2315_Final_E-3.78.cif,GaAs,-3.78,0.0,Metal (Conductor),Metal,P4_32_12 (96),Unstable,0.4161,False,GaAs (1.00)
K(AsO)2_id3386_Final_E-5.16.cif,K(AsO)2,-5.16,0.0,Metal (Conductor),Metal,P4/mnc (128),Unstable,0.4195,False,"KAsO2 (0.80), As (0.20)"
Na2LiSb_id791_Final_E-2.30.cif,Na2LiSb,-2.3,0.0,Metal (Conductor),Metal,P4_2/mcm (132),Unstable,0.4195,False,"NaLi2Sb (0.50), Na3Sb (0.50)"
NO19_id255_Final_E-4.81.cif,NO19,-4.81,0.0,Metal (Conductor),Metal,P2/c (13),Unstable,0.4202,False,"NO3 (0.20), O2 (0.80)"
CaZn4CdO4_id1504_Final_E-4.09.cif,CaZn4CdO4,-4.09,0.0,Metal (Conductor),Metal,P4bm (100),Unstable,0.4217,False,"ZnO (0.60), CaO (0.20), Cd (0.10), Zn (0.10)"
BaLi8TiTe4_id2544_Final_E-3.31.cif,BaLi8TiTe4,-3.31,0.0,Metal (Conductor),Metal,I222 (23),Unstable,0.4235,False,"Li2Te (0.64), BaTe (0.14), Ti (0.07), Li (0.14)"
SeS3O_id2536_Final_E-4.44.cif,SeS3O,-4.44,0.0,Metal (Conductor),Metal,P6_4 (172),Unstable,0.4239,False,"SO2 (0.30), SeS7 (0.57), Se (0.13)"
SrO_id2868_Final_E-5.97.cif,SrO,-5.97,0.0,Metal (Conductor),Metal,P4_2/mmc (131),Unstable,0.4258,False,SrO (1.00)
Li3Ge2(AsP)2_id1233_Final_E-3.83.cif,Li3Ge2(AsP)2,-3.83,0.0,Metal (Conductor),Metal,P1 (1),Unstable,0.4259,False,"GeAs (0.37), Li3As (0.15), Ge (0.04), LiP (0.44)"
Na4Cd(GaO2)3_id2472_Final_E-4.71.cif,Na4Cd(GaO2)3,-4.71,0.0,Metal (Conductor),Metal,Im-3m (229),Unstable,0.4265,False,"Na8Ga2O7 (0.19), Na26Cd141 (0.08), Na7Ga13 (0.03), NaGaO2 (0.70)"
BeSiGeP2_id2114_Final_E-4.79.cif,BeSiGeP2,-4.79,0.0,Metal (Conductor),Metal,P2_12_12_1 (19),Unstable,0.4318,False,"BeSiP2 (0.80), Ge (0.20)"
Zn2Ga2Si2Ge7_id142_Final_E-3.55.cif,Zn2Ga2Si2Ge7,-3.55,0.0,Metal (Conductor),Metal,P1 (1),Unstable,0.4337,False,"Zn (0.15), Si (0.15), Ga (0.15), Ge (0.54)"
KInO8_id2210_Final_E-4.70_REFINED_P-1.cif,KInO8,-4.7,0.0,Metal (Conductor),Metal,P-1 (2),Unstable,0.44,False,"In2O3 (0.25), O2 (0.45), KO2 (0.30)"
Zn4Ga3S4_id1418_Final_E-3.11.cif,Zn4Ga3S4,-3.11,0.0,Metal (Conductor),Metal,P2_1 (4),Unstable,0.4513,False,"Ga (0.27), ZnS (0.73)"
MgSnSb_id1252_Final_E-3.06.cif,MgSnSb,-3.06,0.0,Metal (Conductor),Metal,P1 (1),Unstable,0.4528,False,"SnSb (0.22), Mg3Sb2 (0.56), Sn (0.22)"
Mg2S_id456_Final_E-3.11.cif,Mg2S,-3.11,0.0,Metal (Conductor),Metal,Cm (8),Unstable,0.4571,False,"Mg149S (0.34), MgS (0.66)"
MgGaP_id693_Final_E-3.35.cif,MgGaP,-3.35,0.0,Metal (Conductor),Metal,P4/nmm (129),Unstable,0.4587,False,"Mg3P2 (0.56), GaP (0.22), Ga (0.22)"
K4Te13O24_id448_Final_E-5.10.cif,K4Te13O24,-5.1,0.0,Metal (Conductor),Metal,Pn-3n (222),Unstable,0.4603,False,"K2Te4O9 (0.73), TeO2 (0.22), Te (0.05)"
K2Li5Sb_id2091_Final_E-1.86.cif,K2Li5Sb,-1.86,0.0,Metal (Conductor),Metal,P2/m (10),Unstable,0.4667,False,"Li3Sb (0.50), K (0.25), Li (0.25)"
LiZnO2_id1251_Final_E-4.52.cif,LiZnO2,-4.52,0.0,Metal (Conductor),Metal,Cmc2_1 (36),Unstable,0.4667,False,"Li2O2 (0.50), ZnO (0.50)"
KS_id2375_Final_E-3.34_REFINED_P-1.cif,KS,-3.34,0.0,Metal (Conductor),Metal,P-1 (2),Unstable,0.4668,False,KS (1.00)
Li8AlGaGe32_id846_Final_E-3.70.cif,Li8AlGaGe32,-3.7,0.0,Metal (Conductor),Metal,P4/mcc (124),Unstable,0.4673,False,"LiGaGe (0.07), LiAlGe (0.07), Ge (0.57), LiGe (0.29)"
KIn(TeO3)4_id2069_Final_E-5.38.cif,KIn(TeO3)4,-5.38,0.0,Metal (Conductor),Metal,P-1 (2),Unstable,0.4694,False,"K(TeO3)2 (0.50), TeO2 (0.25), In2TeO6 (0.25)"
BeC_id763_Final_E-6.18.cif,BeC,-6.18,0.0,Metal (Conductor),Metal,Pbca (61),Unstable,0.4775,False,"Be2C (0.75), C (0.25)"
Ti3O7_id1090_Final_E-8.49.cif,Ti3O7,-8.49,0.0,Metal (Conductor),Metal,P1 (1),Unstable,0.4937,False,"TiO2 (0.90), O2 (0.10)"
ZnBO4_id1311_Final_E-5.93.cif,ZnBO4,-5.93,0.0,Metal (Conductor),Metal,Ccc2 (37),Unstable,0.4954,False,"Zn4B6O13 (0.64), O2 (0.25), ZnO (0.11)"
KB3_id1483_Final_E-4.81.cif,KB3,-4.81,0.0,Metal (Conductor),Metal,P6/mmm (191),Unstable,0.5002,False,"KB6 (0.88), K (0.12)"
ZnO2_id2152_Final_E-4.41.cif,ZnO2,-4.41,0.0,Metal (Conductor),Metal,Pbca (61),Unstable,0.5025,False,"ZnO (0.67), O2 (0.33)"
K20Na13_id386_Final_E-0.69.cif,K20Na13,-0.69,0.0,Metal (Conductor),Metal,P3 (143),Unstable,0.504,False,"Na (0.39), K (0.61)"
Sc2GaSiO4_id2705_Final_E-7.71.cif,Sc2GaSiO4,-7.71,0.0,Metal (Conductor),Metal,P-42c (112),Unstable,0.5042,False,"Sc2Si2O7 (0.34), Sc2O3 (0.47), Si (0.06), Ga (0.12)"
K3O4_id733_Final_E-3.96.cif,K3O4,-3.96,0.0,Metal (Conductor),Metal,I-43d (220),Unstable,0.5066,False,"KO2 (0.43), K2O2 (0.57)"
SrZnO4_id1917_Final_E-4.98.cif,SrZnO4,-4.98,0.0,Metal (Conductor),Metal,I222 (23),Unstable,0.5099,False,"SrO2 (0.50), ZnO (0.33), O2 (0.17)"
SeS4O_id2233_Final_E-4.31.cif,SeS4O,-4.31,0.0,Metal (Conductor),Metal,Amm2 (38),Unstable,0.5115,False,"SO2 (0.25), SeS7 (0.67), Se (0.08)"
Ca(SeO)3_id50_Final_E-5.04.cif,Ca(SeO)3,-5.04,0.0,Metal (Conductor),Metal,P6_3 (173),Unstable,0.5131,False,"CaSeO3 (0.71), Se (0.29)"
Ti2B7_id3116_Final_E-7.14.cif,Ti2B7,-7.14,0.0,Metal (Conductor),Metal,C222_1 (20),Unstable,0.5134,False,"TiB2 (0.67), B (0.33)"
Al3ZnInS4_id2097_Final_E-4.03.cif,Al3ZnInS4,-4.03,0.0,Metal (Conductor),Metal,P-43m (215),Unstable,0.5147,False,"Al (0.11), Al2ZnS4 (0.78), In (0.11)"
MgS2_id2809_Final_E-3.94.cif,MgS2,-3.94,0.0,Metal (Conductor),Metal,P4/nnc (126),Unstable,0.5162,False,MgS2 (1.00)
Ba3Sb4As4S3_id1298_Final_E-4.29.cif,Ba3Sb4As4S3,-4.29,0.0,Metal (Conductor),Metal,P6_3 (173),Unstable,0.5256,False,"SbAs (0.57), BaS (0.43)"
MgCdO4_id1817_Final_E-4.66.cif,MgCdO4,-4.66,0.0,Metal (Conductor),Metal,P-4m2 (115),Unstable,0.5319,False,"CdO (0.33), O2 (0.33), MgO (0.33)"
Zn5GaO21_id1330_Final_E-4.54.cif,Zn5GaO21,-4.54,0.0,Metal (Conductor),Metal,I4 (79),Unstable,0.533,False,"Zn(GaO2)2 (0.13), O2 (0.54), ZnO (0.33)"
Li23Mg8(Zn2Ga)2_id1472_Final_E-1.42.cif,Li23Mg8(Zn2Ga)2,-1.42,0.0,Metal (Conductor),Metal,P1 (1),Unstable,0.5357,False,"Li3Mg (0.38), LiMg (0.24), Li2Ga (0.16), LiZn (0.22)"
NaAs(SO)4_id242_Final_E-5.06.cif,NaAs(SO)4,-5.06,0.0,Metal (Conductor),Metal,P-1 (2),Unstable,0.5404,False,"Na2S2O7 (0.55), AsS2 (0.30), S (0.07), SO2 (0.08)"
Sc4GeSe3_id383_Final_E-6.09.cif,Sc4GeSe3,-6.09,0.0,Metal (Conductor),Metal,P2_1/c (14),Unstable,0.5407,False,"ScGe (0.25), ScSe (0.75)"
MgInO6_id843_Final_E-5.10.cif,MgInO6,-5.1,0.0,Metal (Conductor),Metal,P-31c (163),Unstable,0.5424,False,"In2O3 (0.31), O2 (0.44), MgO (0.25)"
K2Na5Li_id912_Final_E-0.80.cif,K2Na5Li,-0.8,0.0,Metal (Conductor),Metal,P1 (1),Unstable,0.5428,False,"K (0.25), Na (0.62), Li (0.12)"
Li7(ZnAs)3_id1885_Final_E-2.41_REFINED_R32.cif,Li7(ZnAs)3,-2.41,0.0,Metal (Conductor),Metal,R32 (155),Unstable,0.5442,False,"LiZn3 (0.18), Li3As (0.53), LiZnAs (0.30)"
PSe2_id543_Final_E-3.93.cif,PSe2,-3.93,0.0,Metal (Conductor),Metal,Aea2 (41),Unstable,0.5444,False,"PSe (0.22), P2Se5 (0.78)"
NO_id3379_Final_E-6.61.cif,NO,-6.61,0.0,Metal (Conductor),Metal,Pbca (61),Unstable,0.5469,False,"NO2 (0.75), N2 (0.25)"
Li3ScAs_id1624_Final_E-3.38.cif,Li3ScAs,-3.38,0.0,Metal (Conductor),Metal,Pm-3m (221),Unstable,0.5475,False,"Li3As (0.32), Sc5As3 (0.32), Li (0.36)"
ZnO2_id2989_Final_E-4.36.cif,ZnO2,-4.36,0.0,Metal (Conductor),Metal,Fm-3m (225),Unstable,0.5525,False,"ZnO (0.67), O2 (0.33)"
Na(Li2Mg)2_id2698_Final_E-1.22.cif,Na(Li2Mg)2,-1.22,0.0,Metal (Conductor),Metal,I4_1/amd (141),Unstable,0.5534,False,"Li3Mg (0.57), LiMg (0.29), Na (0.14)"
Zn3O_id490_Final_E-2.52.cif,Zn3O,-2.52,0.0,Metal (Conductor),Metal,P4_132 (213),Unstable,0.5572,False,"ZnO (0.50), Zn (0.50)"
K2O2_id2723_Final_E-3.76.cif,K2O2,-3.76,0.0,Metal (Conductor),Metal,I4_1/amd (141),Unstable,0.5646,False,K2O2 (1.00)
AlB3PO16_id1635_Final_E-6.48.cif,AlB3PO16,-6.48,0.0,Metal (Conductor),Metal,P2_1 (4),Unstable,0.5712,False,"AlPO4 (0.29), B2O3 (0.36), O2 (0.36)"
K4Li(InGa3)4_id1131_Final_E-2.15.cif,K4Li(InGa3)4,-2.15,0.0,Metal (Conductor),Metal,P4_2/nmc (137),Unstable,0.5751,False,"K3Ga13 (0.38), LiGa (0.10), KIn4 (0.24), KGa3 (0.29)"
BaSrSnN_id1685_Final_E-4.11.cif,BaSrSnN,-4.11,0.0,Metal (Conductor),Metal,P4/mmm (123),Unstable,0.5825,False,"Sr12Sn4N3 (0.37), SrSn (0.04), BaN2 (0.29), BaSn (0.31)"
TiSeO3_id842_Final_E-7.12.cif,TiSeO3,-7.12,0.0,Metal (Conductor),Metal,P6_3mc (186),Unstable,0.5919,False,"Ti(SeO3)2 (0.45), TiO2 (0.45), Se (0.10)"
K3Ti2(Ga3O5)2_id311_Final_E-5.81_REFINED_R-3.cif,K3Ti2(Ga3O5)2,-5.81,0.0,Metal (Conductor),Metal,R-3 (148),Unstable,0.593,False,"K2Ti6O13 (0.33), KGaO2 (0.44), Ga2O3 (0.08), Ga (0.14)"
MgGaN2_id1828_Final_E-5.43.cif,MgGaN2,-5.43,0.0,Metal (Conductor),Metal,P4/mmm (123),Unstable,0.5969,False,"GaN (0.50), N2 (0.08), Mg3N2 (0.42)"
K4P3_id3297_Final_E-2.73.cif,K4P3,-2.73,0.0,Metal (Conductor),Metal,I-43d (220),Unstable,0.5982,False,K4P3 (1.00)
Li3ScSb3S4_id1992_Final_E-4.38.cif,Li3ScSb3S4,-4.38,0.0,Metal (Conductor),Metal,Pm-3n (223),Unstable,0.6018,False,"LiScS2 (0.36), LiSbS (0.55), Sb (0.09)"
Si3(B2P)2_id2161_Final_E-5.61_REFINED_P31m.cif,Si3(B2P)2,-5.61,0.0,Metal (Conductor),Metal,P31m (157),Unstable,0.6052,False,"B6P (0.31), BP (0.36), Si (0.33)"
Mg4Ge3_id2725_Final_E-2.52.cif,Mg4Ge3,-2.52,0.0,Metal (Conductor),Metal,Ccce (68),Unstable,0.6062,False,"Mg2Ge (0.86), Ge (0.14)"
ScS36_id2798_Final_E-3.73.cif,ScS36,-3.73,0.0,Metal (Conductor),Metal,P1 (1),Unstable,0.6154,False,"Sc2S3 (0.07), S (0.93)"
GeO2_id345_Final_E-6.30.cif,GeO2,-6.3,0.0,Metal (Conductor),Metal,P4/nnc (126),Unstable,0.6167,False,GeO2 (1.00)
KP2O_id425_Final_E-4.97.cif,KP2O,-4.97,0.0,Metal (Conductor),Metal,I4_1/amd (141),Unstable,0.6221,False,"KP15 (0.05), K4P2O7 (0.46), K3P11 (0.49)"
K3AlSn3As4_id2038_Final_E-3.22_REFINED_Cm.cif,K3AlSn3As4,-3.22,0.0,Metal (Conductor),Metal,Cm (8),Unstable,0.6236,False,"KSnAs (0.82), AlAs (0.18)"
KZnCdO3_id3071_Final_E-3.88.cif,KZnCdO3,-3.88,0.0,Metal (Conductor),Metal,Pbca (61),Unstable,0.6265,False,"K2O2 (0.33), ZnO (0.33), CdO (0.33)"
GaO_id1406_Final_E-5.25.cif,GaO,-5.25,0.0,Metal (Conductor),Metal,P4_2/ncm (138),Unstable,0.6289,False,"Ga2O3 (0.83), Ga (0.17)"
LiGa6(SiAs)2_id1942_Final_E-3.23.cif,LiGa6(SiAs)2,-3.23,0.0,Metal (Conductor),Metal,P4/mnc (128),Unstable,0.6346,False,"Li2Ga7 (0.41), GaAs (0.36), Si (0.18), Ga (0.05)"
Mg3(Se2S3)2_id2431_Final_E-3.66.cif,Mg3(Se2S3)2,-3.66,0.0,Metal (Conductor),Metal,P1 (1),Unstable,0.6478,False,"MgSe2 (0.38), SeS7 (0.41), MgS (0.21)"
N2O5_id2950_Final_E-5.88_REFINED_P4_2_nnm.cif,N2O5,-5.88,0.0,Metal (Conductor),Metal,P4_2/nnm (134),Unstable,0.6525,False,"NO3 (0.57), NO2 (0.43)"
MgP_id3175_Final_E-3.43.cif,MgP,-3.43,0.0,Metal (Conductor),Metal,P222 (16),Unstable,0.6533,False,"MgP4 (0.25), Mg3P2 (0.75)"
Li7BSb2O11_id283_Final_E-5.49_REFINED_Pna2_1.cif,Li7BSb2O11,-5.49,0.0,Metal (Conductor),Metal,Pna2_1 (33),Unstable,0.6594,False,"LiO8 (0.06), LiSbO3 (0.02), Li3SbO4 (0.74), LiBO2 (0.19)"
As2PSeS16_id949_Final_E-3.96.cif,As2PSeS16,-3.96,0.0,Metal (Conductor),Metal,P1 (1),Unstable,0.6624,False,"AsS2 (0.30), P2S7 (0.23), S (0.08), SeS7 (0.40)"
SrS20_id180_Final_E-3.62.cif,SrS20,-3.62,0.0,Metal (Conductor),Metal,Pm (6),Unstable,0.6653,False,"SrS3 (0.19), S (0.81)"
Li3ZnBO9_id2644_Final_E-5.04.cif,Li3ZnBO9,-5.04,0.0,Metal (Conductor),Metal,Pna2_1 (33),Unstable,0.6691,False,"LiO8 (0.43), Li6B4O9 (0.15), ZnO (0.14), Li3BO3 (0.28)"
K11In3(BO)6_id2455_Final_E-4.06.cif,K11In3(BO)6,-4.06,0.0,Metal (Conductor),Metal,P-31c (163),Unstable,0.6695,False,"K8In11 (0.20), B6O (0.15), KBO2 (0.42), K (0.23)"
K50Cd2SnSb2_id3193_Final_E-0.68.cif,K50Cd2SnSb2,-0.68,0.0,Metal (Conductor),Metal,P1 (1),Unstable,0.6698,False,"K3Cd16 (0.02), K2CdSn (0.07), K (0.76), K3Sb (0.15)"
LiMg(SO)2_id898_Final_E-4.88.cif,LiMg(SO)2,-4.88,0.0,Metal (Conductor),Metal,C222_1 (20),Unstable,0.6707,False,"LiS4 (0.36), Li2S (0.02), Li2SO4 (0.29), MgO (0.33)"
LiAsO6_id3323_Final_E-5.10.cif,LiAsO6,-5.1,0.0,Metal (Conductor),Metal,P6_322 (182),Unstable,0.6737,False,"LiAsO3 (0.62), O2 (0.38)"
Li7Ca3(SiAs)3_id330_Final_E-3.12.cif,Li7Ca3(SiAs)3,-3.12,0.0,Metal (Conductor),Metal,P31m (157),Unstable,0.6747,False,"LiCaSi2 (0.33), Li3As (0.33), LiCaAs (0.31), Si (0.02)"
Ga(GeO2)2_id1277_Final_E-5.83.cif,Ga(GeO2)2,-5.83,0.0,Metal (Conductor),Metal,P1 (1),Unstable,0.6775,False,"Ga4GeO8 (0.46), GeO2 (0.43), Ge (0.11)"
Ca2In2PS7_id340_Final_E-4.29.cif,Ca2In2PS7,-4.29,0.0,Metal (Conductor),Metal,C2/m (12),Unstable,0.6804,False,"CaPS3 (0.42), In2S3 (0.42), CaS (0.17)"
LiMg4Al2Sn_id2576_Final_E-1.93.cif,LiMg4Al2Sn,-1.93,0.0,Metal (Conductor),Metal,P1 (1),Unstable,0.6836,False,"MgAl2 (0.07), Mg17Al12 (0.49), Li2MgSn (0.25), Mg2Sn (0.19)"
K2Na2AsS4_id468_Final_E-3.34.cif,K2Na2AsS4,-3.34,0.0,Metal (Conductor),Metal,P1 (1),Unstable,0.6885,False,"K3AsS4 (0.44), Na3AsS3 (0.26), K3AsS3 (0.13), Na2S (0.17)"
K2SbO5_id1613_Final_E-4.85.cif,K2SbO5,-4.85,0.0,Metal (Conductor),Metal,P1 (1),Unstable,0.6897,False,"KSbO3 (0.62), KO2 (0.38)"
Cd6Ga35_id2858_Final_E-2.03.cif,Cd6Ga35,-2.03,0.0,Metal (Conductor),Metal,P2 (3),Unstable,0.69,False,"Ga (0.85), Cd (0.15)"
GeSbNO2_id2378_Final_E-5.99.cif,GeSbNO2,-5.99,0.0,Metal (Conductor),Metal,Pca2_1 (29),Unstable,0.6921,False,"Sb2O3 (0.50), Ge2N2O (0.50)"
NaCa_id3107_Final_E-0.97.cif,NaCa,-0.97,0.0,Metal (Conductor),Metal,P4/mmm (123),Unstable,0.6941,False,"Ca (0.50), Na (0.50)"
Zn2SnO9_id1384_Final_E-4.68.cif,Zn2SnO9,-4.68,0.0,Metal (Conductor),Metal,P1 (1),Unstable,0.6989,False,"SnO2 (0.25), O2 (0.42), ZnO (0.33)"
SeSO2_id711_Final_E-4.82.cif,SeSO2,-4.82,0.0,Metal (Conductor),Metal,P4_2/mmc (131),Unstable,0.7037,False,"SO2 (0.75), Se (0.25)"
KLiSn_id576_Final_E-1.92.cif,KLiSn,-1.92,0.0,Metal (Conductor),Metal,Pmmm (47),Unstable,0.726,False,"Li5Sn2 (0.47), K (0.13), KSn (0.40)"
K7MgIn6_id2406_Final_E-1.23.cif,K7MgIn6,-1.23,0.0,Metal (Conductor),Metal,P-31c (163),Unstable,0.7289,False,"Mg149In (0.07), K8In11 (0.74), K (0.19)"
KZn2O4_id2323_Final_E-4.06.cif,KZn2O4,-4.06,0.0,Metal (Conductor),Metal,P-42_1m (113),Unstable,0.7324,False,"ZnO (0.57), KO2 (0.43)"
Cd11Ga2_id158_Final_E-0.51.cif,Cd11Ga2,-0.51,0.0,Metal (Conductor),Metal,Pmm2 (25),Unstable,0.7368,False,"Ga (0.15), Cd (0.85)"
K4Si2PO2_id1158_Final_E-3.99.cif,K4Si2PO2,-3.99,0.0,Metal (Conductor),Metal,P4/mmm (123),Unstable,0.7389,False,"KSi (0.19), K2SiO3 (0.44), K2SiP2 (0.28), K (0.09)"
InSi4_id2618_Final_E-4.15.cif,InSi4,-4.15,0.0,Metal (Conductor),Metal,C2/c (15),Unstable,0.7406,False,"Si (0.80), In (0.20)"
K15NaCaSn5_id1796_Final_E-1.24.cif,K15NaCaSn5,-1.24,0.0,Metal (Conductor),Metal,P1 (1),Unstable,0.7464,False,"Na15Sn4 (0.06), KSn (0.34), K (0.51), CaSn (0.09)"
CdSi2Ge9S2_id3169_Final_E-3.89.cif,CdSi2Ge9S2,-3.89,0.0,Metal (Conductor),Metal,P1 (1),Unstable,0.7485,False,"SiS2 (0.11), CdS (0.14), Ge (0.64), Si (0.11)"
ScSiO19_id990_Final_E-5.23.cif,ScSiO19,-5.23,0.0,Metal (Conductor),Metal,P1 (1),Unstable,0.7514,False,"Sc2Si2O7 (0.26), O2 (0.74)"
K34Na3CaO6_id1402_Final_E-1.51.cif,K34Na3CaO6,-1.51,0.0,Metal (Conductor),Metal,P1 (1),Unstable,0.7537,False,"K2O (0.24), Na2O (0.10), K (0.61), CaO (0.05)"
Mg3Te2(SeS6)2_id498_Final_E-3.58_REFINED_P2.cif,Mg3Te2(SeS6)2,-3.58,0.0,Metal (Conductor),Metal,P2 (3),Unstable,0.7562,False,"TeSe (0.08), MgS (0.32), Te (0.07), SeS7 (0.54)"
K2Li(TiBe)2_id2519_Final_E-3.24.cif,K2Li(TiBe)2,-3.24,0.0,Metal (Conductor),Metal,C2/m (12),Unstable,0.7573,False,"TiBe2 (0.43), K (0.29), Ti (0.14), Li (0.14)"
Na2Sr(Zn2Sn)2_id620_Final_E-1.44.cif,Na2Sr(Zn2Sn)2,-1.44,0.0,Metal (Conductor),Metal,I4/mcm (140),Unstable,0.76,False,"Na20Zn7Sn12 (0.43), Na5Sn2 (0.01), SrZnSn (0.27), SrZn13 (0.30)"
K(SeO2)2_id381_Final_E-4.67.cif,K(SeO2)2,-4.67,0.0,Metal (Conductor),Metal,I4_1/a (88),Unstable,0.7615,False,"K2Se2O5 (0.59), KSe3 (0.04), SeO2 (0.36)"
BP12_id3366_Final_E-4.80.cif,BP12,-4.8,0.0,Metal (Conductor),Metal,I432 (211),Unstable,0.7734,False,"BP (0.15), P (0.85)"
Li2Mg(AsO3)2_id958_Final_E-5.49.cif,Li2Mg(AsO3)2,-5.49,0.0,Metal (Conductor),Metal,P4/mnc (128),Unstable,0.7829,False,"Mg17(As3O16)2 (0.29), Li3AsO4 (0.48), As2O3 (0.22), As (0.00)"
Ba3Li2AsO15_id2711_Final_E-5.07_REFINED_Cm.cif,Ba3Li2AsO15,-5.07,0.0,Metal (Conductor),Metal,Cm (8),Unstable,0.7864,False,"LiO8 (0.37), Li3AsO4 (0.15), BaO2 (0.30), Ba3(AsO4)2 (0.19)"
BeSbCN_id2793_Final_E-6.09.cif,BeSbCN,-6.09,0.0,Metal (Conductor),Metal,Pca2_1 (29),Unstable,0.7906,False,"Be3N2 (0.31), C (0.19), Sb (0.25), BeCN2 (0.25)"
NaO2_id1705_Final_E-3.86.cif,NaO2,-3.86,0.0,Metal (Conductor),Metal,Fm-3m (225),Unstable,0.7927,False,NaO2 (1.00)
ZnCdSeS_id1199_Final_E-2.62.cif,ZnCdSeS,-2.62,0.0,Metal (Conductor),Metal,P1 (1),Unstable,0.7931,False,"ZnS (0.50), CdSe (0.50)"
TiS_id3172_Final_E-6.94.cif,TiS,-6.94,0.0,Metal (Conductor),Metal,Im-3m (229),Unstable,0.7958,False,TiS (1.00)
LiGaP2O13_id2782_Final_E-5.62.cif,LiGaP2O13,-5.62,0.0,Metal (Conductor),Metal,P1 (1),Unstable,0.801,False,"LiPO3 (0.29), GaPO4 (0.35), O2 (0.35)"
MgSc2_id162_Final_E-3.99.cif,MgSc2,-3.99,0.0,Metal (Conductor),Metal,P1 (1),Unstable,0.8038,False,MgSc2 (1.00)
GaO4_id1353_Final_E-4.89.cif,GaO4,-4.89,0.0,Metal (Conductor),Metal,P4_2/nmc (137),Unstable,0.8085,False,"Ga2O3 (0.50), O2 (0.50)"
LiSeS3O2_id326_Final_E-4.47.cif,LiSeS3O2,-4.47,0.0,Metal (Conductor),Metal,P1 (1),Unstable,0.8133,False,"Li2SO4 (0.50), SeS7 (0.41), Se (0.09)"
TiO6_id2542_Final_E-6.05.cif,TiO6,-6.05,0.0,Metal (Conductor),Metal,P-1 (2),Unstable,0.8197,False,"TiO2 (0.43), O2 (0.57)"
K7NaO4_id1789_Final_E-2.85_REFINED_Pm.cif,K7NaO4,-2.85,0.0,Metal (Conductor),Metal,Pm (6),Unstable,0.829,False,"K2O (0.88), Na2O (0.12)"
Li7B(AsO2)2_id1838_Final_E-4.54.cif,Li7B(AsO2)2,-4.54,0.0,Metal (Conductor),Metal,P2_12_12 (18),Unstable,0.8293,False,"Li3BO3 (0.50), LiAs (0.29), Li2O (0.21)"
AsS4O_id3129_Final_E-4.11_REFINED_P2_12_12_1.cif,AsS4O,-4.11,0.0,Metal (Conductor),Metal,P2_12_12_1 (19),Unstable,0.8311,False,"AsS2 (0.50), SO2 (0.25), S (0.25)"
InAs_id1352_Final_E-3.08.cif,InAs,-3.08,0.0,Metal (Conductor),Metal,P4/mmm (123),Unstable,0.8541,False,InAs (1.00)
Ti11Zn2_id361_Final_E-6.09.cif,Ti11Zn2,-6.09,0.0,Metal (Conductor),Metal,P1 (1),Unstable,0.8569,False,"Ti2Zn (0.46), Ti (0.54)"
TiGa(Te6S)2_id2117_Final_E-3.12.cif,TiGa(Te6S)2,-3.12,0.0,Metal (Conductor),Metal,P1 (1),Unstable,0.8571,False,"TiS2 (0.19), Ga2Te5 (0.22), Te (0.59)"
KLi3Se3O4_id1728_Final_E-4.15.cif,KLi3Se3O4,-4.15,0.0,Metal (Conductor),Metal,Pm-3n (223),Unstable,0.869,False,"K2Se3 (0.13), Li4SeO5 (0.61), KSe3 (0.16), Li2SeO4 (0.11)"
B(AsN)12_id933_Final_E-5.75.cif,B(AsN)12,-5.75,0.0,Metal (Conductor),Metal,I432 (211),Unstable,0.872,False,"N2 (0.44), As (0.48), BN (0.08)"
In7S_id2405_Final_E-2.23.cif,In7S,-2.23,0.0,Metal (Conductor),Metal,P4_2/mbc (135),Unstable,0.8805,False,"InS (0.25), In (0.75)"
Li28BAsO8_id2539_Final_E-3.25.cif,Li28BAsO8,-3.25,0.0,Metal (Conductor),Metal,Pm (6),Unstable,0.8824,False,"LiB (0.05), Li2O (0.63), Li3As (0.11), Li (0.21)"
Na4Cd3_id2238_Final_E-0.32.cif,Na4Cd3,-0.32,0.0,Metal (Conductor),Metal,P3m1 (156),Unstable,0.883,False,"Na3Cd (0.64), NaCd3 (0.36)"
Na2PO_id2064_Final_E-3.80.cif,Na2PO,-3.8,0.0,Metal (Conductor),Metal,P4/mmm (123),Unstable,0.8924,False,"Na3P (0.25), Na3PO4 (0.50), NaP (0.25)"
Ti3Zn3Sn3Te16_id3058_Final_E-3.31.cif,Ti3Zn3Sn3Te16,-3.31,0.0,Metal (Conductor),Metal,P6_3/m (176),Unstable,0.9171,False,"TiTe2 (0.36), ZnTe (0.24), Te (0.16), SnTe (0.24)"
LiZn2O8_id774_Final_E-4.07.cif,LiZn2O8,-4.07,0.0,Metal (Conductor),Metal,Pm (6),Unstable,0.9176,False,"Li2O2 (0.05), LiO8 (0.58), ZnO (0.36)"
K9Na2_id2876_Final_E-0.23.cif,K9Na2,-0.23,0.0,Metal (Conductor),Metal,P1 (1),Unstable,0.919,False,"Na (0.18), K (0.82)"
Ba2Sr6Ca29_id3147_Final_E-1.03.cif,Ba2Sr6Ca29,-1.03,0.0,Metal (Conductor),Metal,P1 (1),Unstable,0.9209,False,"Ba (0.01), BaSr4 (0.20), Ca (0.78)"
Na6Li12Cd7In3_id83_Final_E-0.91.cif,Na6Li12Cd7In3,-0.91,0.0,Metal (Conductor),Metal,P1 (1),Unstable,0.9276,False,"Li2In (0.21), Li2CdIn (0.14), LiCd (0.43), Na (0.21)"
LiTi2(Se3S5)2_id3198_Final_E-4.09.cif,LiTi2(Se3S5)2,-4.09,0.0,Metal (Conductor),Metal,Pm (6),Unstable,0.934,False,"TiSe2 (0.32), Li2Se (0.08), Se (0.00), SeS7 (0.60)"
BaAs(Se4S3)2_id1932_Final_E-3.36.cif,BaAs(Se4S3)2,-3.36,0.0,Metal (Conductor),Metal,Cmc2_1 (36),Unstable,0.9383,False,"BaSe3 (0.25), As2Se3 (0.16), Se (0.17), SeS7 (0.43)"
Mg4Al8Ga4Si5_id830_Final_E-2.71.cif,Mg4Al8Ga4Si5,-2.71,0.0,Metal (Conductor),Metal,Cccm (66),Unstable,0.9467,False,"Si (0.24), Al (0.38), MgGa (0.38)"
NaIn(SO4)3_id1773_Final_E-5.33.cif,NaIn(SO4)3,-5.33,0.0,Metal (Conductor),Metal,P1 (1),Unstable,0.9479,False,"SO3 (0.12), Na2S2O7 (0.32), In2(SO4)3 (0.50), O2 (0.06)"
NaZn2GaO4_id2281_Final_E-4.39.cif,NaZn2GaO4,-4.39,0.0,Metal (Conductor),Metal,P4/mmm (123),Unstable,0.9489,False,"ZnO (0.50), NaGaO2 (0.50)"
ScZn6(SeS3)2_id68_Final_E-3.30_REFINED_C2.cif,ScZn6(SeS3)2,-3.3,0.0,Metal (Conductor),Metal,C2 (5),Unstable,0.9514,False,"Sc2S3 (0.17), ZnS (0.54), ZnSe (0.26), SeS7 (0.03)"
KMgS2O3_id583_Final_E-4.83_REFINED_C2.cif,KMgS2O3,-4.83,0.0,Metal (Conductor),Metal,C2 (5),Unstable,0.9619,False,"K2Mg2(SO4)3 (0.43), KS3 (0.27), K2SO4 (0.11), MgO (0.20)"
NaCdSO5_id2438_Final_E-4.75.cif,NaCdSO5,-4.75,0.0,Metal (Conductor),Metal,P1 (1),Unstable,0.967,False,"Na2Cd(SO4)2 (0.81), CdO (0.12), O2 (0.06)"
K3Cd2InGa2_id661_Final_E-0.90.cif,K3Cd2InGa2,-0.9,0.0,Metal (Conductor),Metal,P1 (1),Unstable,0.97,False,"K2Ga3 (0.42), K8In11 (0.22), K3Cd16 (0.30), K (0.07)"
SiS2_id2849_Final_E-4.60.cif,SiS2,-4.6,0.0,Metal (Conductor),Metal,I4_1/amd (141),Unstable,0.9774,False,SiS2 (1.00)
ScGeBS18_id146_Final_E-3.86.cif,ScGeBS18,-3.86,0.0,Metal (Conductor),Metal,P1 (1),Unstable,0.988,False,"GeS2 (0.14), S (0.60), Sc2S3 (0.12), BS2 (0.14)"
ScTiO18_id3079_Final_E-5.20_REFINED_C2.cif,ScTiO18,-5.2,0.0,Metal (Conductor),Metal,C2 (5),Unstable,0.9896,False,"Sc2Ti2O7 (0.27), O2 (0.73)"
Li(Mg2Zn)2_id2755_Final_E-0.67.cif,Li(Mg2Zn)2,-0.67,0.0,Metal (Conductor),Metal,P1 (1),Unstable,0.9961,False,"Mg21Zn25 (0.18), Mg149Zn (0.33), Li7Mg8Zn9 (0.49)"
Ti2Be3Al2B_id2512_Final_E-4.60_REFINED_C2.cif,Ti2Be3Al2B,-4.6,0.0,Metal (Conductor),Metal,C2 (5),Unstable,0.9966,False,"TiAl2 (0.32), Ti2Be17 (0.42), TiB2 (0.19), TiAl (0.07)"
KGaSeS2_id279_Final_E-3.27.cif,KGaSeS2,-3.27,0.0,Metal (Conductor),Metal,P1 (1),Unstable,0.9973,False,"KSe3 (0.17), Ga2Se3 (0.10), KGaS2 (0.63), SeS7 (0.10)"
KMg(TeO)4_id722_Final_E-4.08.cif,KMg(TeO)4,-4.08,0.0,Metal (Conductor),Metal,Pban (50),Unstable,1.0048,False,"Mg2Te3O8 (0.65), K2Te3 (0.25), Te (0.10)"
Ba2LiPO5_id3151_Final_E-6.02.cif,Ba2LiPO5,-6.02,0.0,Metal (Conductor),Metal,Cmcm (63),Unstable,1.0057,False,"Ba3(PO4)2 (0.72), BaO (0.11), Li2O (0.17)"
Li6Mg8ScTi_id2116_Final_E-1.45.cif,Li6Mg8ScTi,-1.45,0.0,Metal (Conductor),Metal,P1 (1),Unstable,1.0087,False,"LiMg2 (0.28), MgSc2 (0.09), LiMg (0.56), Ti (0.06)"
Li5AsO2_id1533_Final_E-3.67.cif,Li5AsO2,-3.67,0.0,Metal (Conductor),Metal,P1 (1),Unstable,1.0102,False,"LiAs (0.25), Li2O (0.75)"
K2Na2SrO36_id433_Final_E-3.93.cif,K2Na2SrO36,-3.93,0.0,Metal (Conductor),Metal,P1 (1),Unstable,1.0139,False,"NaO2 (0.15), KO2 (0.15), SrO2 (0.07), O2 (0.63)"
Ge6Te3As3Se7_id899_Final_E-3.38_REFINED_C2.cif,Ge6Te3As3Se7,-3.38,0.0,Metal (Conductor),Metal,C2 (5),Unstable,1.0148,False,"GeAsSe (0.32), GeSe2 (0.39), Ge3(Te3As)2 (0.29)"
Li9Mg4(Cd2Ga5)2_id1365_Final_E-1.36.cif,Li9Mg4(Cd2Ga5)2,-1.36,0.0,Metal (Conductor),Metal,P4_2/nnm (134),Unstable,1.0179,False,"MgCd2 (0.11), LiMgCd2 (0.15), MgGa (0.15), LiGa (0.59)"
LiAlSbS6_id1042_Final_E-3.67.cif,LiAlSbS6,-3.67,0.0,Metal (Conductor),Metal,Cmme (67),Unstable,1.035,False,"LiS4 (0.40), LiAlS2 (0.13), Sb2S3 (0.28), Al2S3 (0.20)"
SiGe6O23_id3247_Final_E-5.42_REFINED_C2.cif,SiGe6O23,-5.42,0.0,Metal (Conductor),Metal,C2 (5),Unstable,1.0518,False,"SiO2 (0.10), GeO2 (0.60), O2 (0.30)"
Ti2C7_id2655_Final_E-8.24.cif,Ti2C7,-8.24,0.0,Metal (Conductor),Metal,P4_2/nbc (133),Unstable,1.052,False,"TiC (0.44), C (0.56)"
K3Ca2(AlGa)2_id738_Final_E-1.55_REFINED_Pm.cif,K3Ca2(AlGa)2,-1.55,0.0,Metal (Conductor),Metal,Pm (6),Unstable,1.055,False,"CaAl2 (0.33), CaGa2 (0.33), K (0.33)"
MgN_id364_Final_E-4.65.cif,MgN,-4.65,0.0,Metal (Conductor),Metal,P-1 (2),Unstable,1.0647,False,"Mg3N2 (0.83), N2 (0.17)"
Al19Zn12_id2753_Final_E-1.71.cif,Al19Zn12,-1.71,0.0,Metal (Conductor),Metal,P222 (16),Unstable,1.0733,False,"Zn (0.39), Al (0.61)"
Ba2Sc4SnTe5_id1466_Final_E-4.47.cif,Ba2Sc4SnTe5,-4.47,0.0,Metal (Conductor),Metal,P2/m (10),Unstable,1.0748,False,"Sc6Sn5 (0.18), Ba(ScTe2)2 (0.12), ScTe (0.40), BaTe (0.30)"
MgS_id2898_Final_E-3.47.cif,MgS,-3.47,0.0,Metal (Conductor),Metal,Pm (6),Unstable,1.0759,False,MgS (1.00)
Mg(AlIn4)3_id2318_Final_E-1.80_REFINED_Pm.cif,Mg(AlIn4)3,-1.8,0.0,Metal (Conductor),Metal,Pm (6),Unstable,1.0779,False,"In (0.69), Al (0.19), MgIn (0.12)"
Ca9Ga_id2602_Final_E-1.14.cif,Ca9Ga,-1.14,0.0,Metal (Conductor),Metal,Pbam (55),Unstable,1.0781,False,"Ca28Ga11 (0.35), Ca (0.65)"
Na6Ca6O_id2180_Final_E-1.34.cif,Na6Ca6O,-1.34,0.0,Metal (Conductor),Metal,Pm-3 (200),Unstable,1.0853,False,"Na (0.46), CaO (0.15), Ca (0.38)"
Al3Zn2_id658_Final_E-1.66.cif,Al3Zn2,-1.66,0.0,Metal (Conductor),Metal,I4_1/amd (141),Unstable,1.0912,False,"Zn (0.40), Al (0.60)"
Be4GeCS2_id1762_Final_E-4.28.cif,Be4GeCS2,-4.28,0.0,Metal (Conductor),Metal,Fd-3m (227),Unstable,1.0961,False,"BeS (0.50), Be2C (0.38), Ge (0.12)"
Ba4Li4SbP21_id2279_Final_E-3.85.cif,Ba4Li4SbP21,-3.85,0.0,Metal (Conductor),Metal,Pm (6),Unstable,1.1076,False,"LiP (0.23), Li3P7 (0.06), BaSb2 (0.05), Ba3P14 (0.66)"
N2O3_id2019_Final_E-5.81.cif,N2O3,-5.81,0.0,Metal (Conductor),Metal,Pccn (56),Unstable,1.111,False,"NO2 (0.90), N2 (0.10)"
KLiO8_id1130_Final_E-3.81.cif,KLiO8,-3.81,0.0,Metal (Conductor),Metal,P1 (1),Unstable,1.1153,False,"LiO8 (0.64), Li2O2 (0.06), KO2 (0.30)"
KNaGeO3_id1266_Final_E-4.64.cif,KNaGeO3,-4.64,0.0,Metal (Conductor),Metal,Cmc2_1 (36),Unstable,1.1273,False,KNaGeO3 (1.00)
Sr2CSO_id1998_Final_E-5.40.cif,Sr2CSO,-5.4,0.0,Metal (Conductor),Metal,P1 (1),Unstable,1.1273,False,"SrS (0.40), SrO (0.40), C (0.20)"
Ca4Al(TeSe2)3_id1662_Final_E-3.39.cif,Ca4Al(TeSe2)3,-3.39,0.0,Metal (Conductor),Metal,Im-3m (229),Unstable,1.1381,False,"Al2Te5 (0.16), Ca(AlSe2)2 (0.09), CaSe (0.54), TeSe (0.21)"
Ba3O11_id3119_Final_E-4.56.cif,Ba3O11,-4.56,0.0,Metal (Conductor),Metal,P1 (1),Unstable,1.1388,False,"BaO10 (0.49), BaO2 (0.51)"
CaInP2O9_id2574_Final_E-5.98.cif,CaInP2O9,-5.98,0.0,Metal (Conductor),Metal,P1 (1),Unstable,1.1454,False,"InPO4 (0.46), O2 (0.12), Ca2P2O7 (0.42)"
NaCaMg35Al_id2489_Final_E-0.54.cif,NaCaMg35Al,-0.54,0.0,Metal (Conductor),Metal,P1 (1),Unstable,1.1598,False,"CaMg2 (0.05), Mg149Al (0.89), Na (0.03), CaAl2 (0.03)"
ScGa3(AsO2)6_id2885_Final_E-5.47.cif,ScGa3(AsO2)6,-5.47,0.0,Metal (Conductor),Metal,P6_3 (173),Unstable,1.1653,False,"As2O3 (0.45), Ga2O3 (0.34), Sc2O3 (0.11), As (0.09)"
LiSe2O3_id390_Final_E-4.15.cif,LiSe2O3,-4.15,0.0,Metal (Conductor),Metal,P1 (1),Unstable,1.1757,False,"SeO2 (0.25), Li2SeO4 (0.58), Se (0.17)"
Na3(SrIn)2_id2267_Final_E-0.90.cif,Na3(SrIn)2,-0.9,0.0,Metal (Conductor),Metal,P4_2/nmc (137),Unstable,1.1787,False,"SrIn (0.57), Na (0.43)"
Sc3B4_id629_Final_E-6.07.cif,Sc3B4,-6.07,0.0,Metal (Conductor),Metal,P4_2/nnm (134),Unstable,1.1797,False,"ScB2 (0.86), Sc (0.14)"
Na4In17Ga6_id2014_Final_E-1.48.cif,Na4In17Ga6,-1.48,0.0,Metal (Conductor),Metal,P6/mmm (191),Unstable,1.1901,False,"NaIn3 (0.11), Na7Ga13 (0.34), In (0.54)"
Sb2AsSe2_id1327_Final_E-3.15_REFINED_C2_m.cif,Sb2AsSe2,-3.15,0.0,Metal (Conductor),Metal,C2/m (12),Unstable,1.1949,False,"SbAs (0.27), As (0.07), Sb2Se3 (0.67)"
MgSc3O18_id1067_Final_E-5.40_REFINED_P-1.cif,MgSc3O18,-5.4,0.0,Metal (Conductor),Metal,P-1 (2),Unstable,1.2151,False,"Sc2O3 (0.34), O2 (0.57), MgO (0.09)"
Ba2Sr3Ca5_id2825_Final_E-0.68.cif,Ba2Sr3Ca5,-0.68,0.0,Metal (Conductor),Metal,P6_122 (178),Unstable,1.2157,False,"Ba (0.12), BaSr4 (0.38), Ca (0.50)"
ScCd4O24_id3213_Final_E-3.94.cif,ScCd4O24,-3.94,0.0,Metal (Conductor),Metal,P1 (1),Unstable,1.2191,False,"CdO (0.28), Sc2O3 (0.09), O2 (0.64)"
Al2C2O3_id359_Final_E-7.05.cif,Al2C2O3,-7.05,0.0,Metal (Conductor),Metal,Pbcn (60),Unstable,1.225,False,"Al2O3 (0.71), C (0.29)"
NaSr11Ca_id2253_Final_E-0.46_REFINED_I-4m2.cif,NaSr11Ca,-0.46,0.0,Metal (Conductor),Metal,I-4m2 (119),Unstable,1.2256,False,"Na (0.08), Sr (0.85), Ca (0.08)"
KCaO3_id2789_Final_E-4.28.cif,KCaO3,-4.28,0.0,Metal (Conductor),Metal,Pm-3m (221),Unstable,1.2267,False,"CaO (0.40), KO2 (0.60)"
Ba2Ti3S4_id75_Final_E-5.50.cif,Ba2Ti3S4,-5.5,0.0,Metal (Conductor),Metal,I4/mmm (139),Unstable,1.2327,False,"Ti2S (0.33), TiS (0.22), BaS (0.44)"
Ca2Mg2InO18_id1257_Final_E-4.40.cif,Ca2Mg2InO18,-4.4,0.0,Metal (Conductor),Metal,P1 (1),Unstable,1.2327,False,"CaO2 (0.20), CaIn2O4 (0.15), O2 (0.48), MgO (0.17)"
LiMgSn2_id1222_Final_E-1.87.cif,LiMgSn2,-1.87,0.0,Metal (Conductor),Metal,P4mm (99),Unstable,1.2452,False,"Mg2Sn (0.38), Sn (0.12), LiSn (0.50)"
K2ZnSb6_id1926_Final_E-2.20.cif,K2ZnSb6,-2.2,0.0,Metal (Conductor),Metal,P1 (1),Unstable,1.2518,False,"KSb2 (0.67), ZnSb (0.22), Sb (0.11)"
LiGe6(AsO2)2_id540_Final_E-4.40.cif,LiGe6(AsO2)2,-4.4,0.0,Metal (Conductor),Metal,P3_121 (152),Unstable,1.2721,False,"Li4Ge5O12 (0.31), Li2Ge7O15 (0.21), GeAs (0.31), Ge (0.17)"
TeO_id2965_Final_E-3.89.cif,TeO,-3.89,0.0,Metal (Conductor),Metal,P6_222 (180),Unstable,1.2767,False,"TeO2 (0.75), Te (0.25)"
CdS2N_id1854_Final_E-3.60.cif,CdS2N,-3.6,0.0,Metal (Conductor),Metal,Pca2_1 (29),Unstable,1.2776,False,"CdS2 (0.75), N2 (0.25)"
BP2_id1000_Final_E-4.81.cif,BP2,-4.81,0.0,Metal (Conductor),Metal,F-43m (216),Unstable,1.297,False,"BP (0.67), P (0.33)"
InSn16Ge3_id694_Final_E-2.73.cif,InSn16Ge3,-2.73,0.0,Metal (Conductor),Metal,P1 (1),Unstable,1.3087,False,"In (0.05), Sn (0.80), Ge (0.15)"
LiP2SeO17_id1141_Final_E-4.69.cif,LiP2SeO17,-4.69,0.0,Metal (Conductor),Metal,P2_1 (4),Unstable,1.3088,False,"Se2O5 (0.17), LiPO3 (0.24), P2O5 (0.17), O2 (0.43)"
AsO21_id1604_Final_E-3.87.cif,AsO21,-3.87,0.0,Metal (Conductor),Metal,P1 (1),Unstable,1.3131,False,"As2O5 (0.16), O2 (0.84)"
K7Ba7Na12_id21_Final_E-0.12.cif,K7Ba7Na12,-0.12,0.0,Metal (Conductor),Metal,Pm-3 (200),Unstable,1.3173,False,"BaNa (0.54), K (0.27), Na (0.19)"
C(SO9)2_id435_Final_E-4.61.cif,C(SO9)2,-4.61,0.0,Metal (Conductor),Metal,Pm (6),Unstable,1.3182,False,"CO2 (0.14), SO3 (0.38), O2 (0.48)"
Mg13In2_id87_Final_E-0.47.cif,Mg13In2,-0.47,0.0,Metal (Conductor),Metal,P1 (1),Unstable,1.3411,False,"Mg149In (0.48), Mg3In (0.52)"
Ba3Ca3Mg_id136_Final_E-0.59.cif,Ba3Ca3Mg,-0.59,0.0,Metal (Conductor),Metal,Fm-3m (225),Unstable,1.3433,False,"CaMg2 (0.21), Ba (0.43), Ca (0.36)"
BaNO_id3332_Final_E-5.60.cif,BaNO,-5.6,0.0,Metal (Conductor),Metal,P4_2/mmc (131),Unstable,1.3502,False,"N2 (0.33), BaO (0.67)"
Li2Be5(Al2B)2_id2986_Final_E-2.65.cif,Li2Be5(Al2B)2,-2.65,0.0,Metal (Conductor),Metal,P1 (1),Unstable,1.3512,False,"LiAl3 (0.41), LiB3 (0.21), Be (0.38)"
K2Ba2Na11As4_id1841_Final_E-1.11.cif,K2Ba2Na11As4,-1.11,0.0,Metal (Conductor),Metal,P1 (1),Unstable,1.3767,False,"Na3As (0.57), Ba20As13 (0.17), K (0.11), Na (0.15)"
KS_id2433_Final_E-2.43.cif,KS,-2.43,0.0,Metal (Conductor),Metal,I4_132 (214),Unstable,1.3768,False,KS (1.00)
MgSbO4_id2184_Final_E-5.06.cif,MgSbO4,-5.06,0.0,Metal (Conductor),Metal,Cmmm (65),Unstable,1.3775,False,"Mg4Sb2O9 (0.42), Mg(SbO3)2 (0.50), O2 (0.08)"
BeAl2(SN)2_id1608_Final_E-5.05.cif,BeAl2(SN)2,-5.05,0.0,Metal (Conductor),Metal,P1 (1),Unstable,1.4188,False,"Al2S3 (0.24), AlN (0.38), N2 (0.10), BeS (0.29)"
Ba(AlS)2_id1912_Final_E-3.54.cif,Ba(AlS)2,-3.54,0.0,Metal (Conductor),Metal,Pn-3m (224),Unstable,1.4371,False,"Ba(AlS2)2 (0.47), Al (0.27), BaS (0.27)"
Li7Zn2O9_id15_Final_E-3.60.cif,Li7Zn2O9,-3.6,0.0,Metal (Conductor),Metal,P1 (1),Unstable,1.4378,False,"Li2O2 (0.78), ZnO (0.22)"
Ti2O45_id2832_Final_E-4.08.cif,Ti2O45,-4.08,0.0,Metal (Conductor),Metal,P2/c (13),Unstable,1.4404,False,"TiO2 (0.13), O2 (0.87)"
Si2PSeS_id2583_Final_E-3.92.cif,Si2PSeS,-3.92,0.0,Metal (Conductor),Metal,P2/m (10),Unstable,1.4464,False,"SiSe2 (0.30), SiP (0.40), SiS2 (0.30)"
PO3_id393_Final_E-5.75.cif,PO3,-5.75,0.0,Metal (Conductor),Metal,P-62m (189),Unstable,1.4483,False,"P2O5 (0.88), O2 (0.12)"
Mg2Cd2In2Sn3_id1467_Final_E-1.12_REFINED_P6_3mc.cif,Mg2Cd2In2Sn3,-1.12,0.0,Metal (Conductor),Metal,P6_3mc (186),Unstable,1.4511,False,"Mg2Sn (0.33), Sn (0.22), In (0.22), Cd (0.22)"
K5NaInO6_id713_Final_E-3.09.cif,K5NaInO6,-3.09,0.0,Metal (Conductor),Metal,P1 (1),Unstable,1.4591,False,"K2O2 (0.46), K2Na3InO4 (0.17), K14In4O13 (0.26), NaInO2 (0.10)"
Mg3Cd2(Se3S)3_id218_Final_E-2.41.cif,Mg3Cd2(Se3S)3,-2.41,0.0,Metal (Conductor),Metal,P1 (1),Unstable,1.4596,False,"CdSe2 (0.10), MgSe2 (0.53), CdSe (0.17), SeS7 (0.20)"
ScSiO19_id923_Final_E-4.52.cif,ScSiO19,-4.52,0.0,Metal (Conductor),Metal,P1 (1),Unstable,1.4614,False,"Sc2Si2O7 (0.26), O2 (0.74)"
Be(NO4)2_id2775_Final_E-5.00_REFINED_P2.cif,Be(NO4)2,-5.0,0.0,Metal (Conductor),Metal,P2 (3),Unstable,1.463,False,"NO3 (0.18), Be4N6O19 (0.66), O2 (0.16)"
SnO8_id2712_Final_E-4.06.cif,SnO8,-4.06,0.0,Metal (Conductor),Metal,Fm-3m (225),Unstable,1.4862,False,"SnO2 (0.33), O2 (0.67)"
Ca2TiSN2_id413_Final_E-5.79.cif,Ca2TiSN2,-5.79,0.0,Metal (Conductor),Metal,I4_122 (98),Unstable,1.4874,False,"CaTiN2 (0.67), CaS (0.33)"
Cd3CO10_id128_Final_E-3.91.cif,Cd3CO10,-3.91,0.0,Metal (Conductor),Metal,R32 (155),Unstable,1.5007,False,"CdCO3 (0.36), O2 (0.36), CdO (0.29)"
B2PC8_id2556_Final_E-6.99.cif,B2PC8,-6.99,0.0,Metal (Conductor),Metal,I222 (23),Unstable,1.5245,False,"B6P (0.13), BP (0.15), C (0.73)"
Mg(InTe2)2_id3140_Final_E-1.98.cif,Mg(InTe2)2,-1.98,0.0,Metal (Conductor),Metal,Pmmn (59),Unstable,1.5562,False,Mg(InTe2)2 (1.00)
BaCdSO7_id2109_Final_E-4.50.cif,BaCdSO7,-4.5,0.0,Metal (Conductor),Metal,Pm (6),Unstable,1.5587,False,"CdO (0.20), O2 (0.20), BaSO4 (0.60)"
KBO32_id299_Final_E-3.63.cif,KBO32,-3.63,0.0,Metal (Conductor),Metal,P1 (1),Unstable,1.5677,False,"KBO2 (0.12), O2 (0.88)"
LiAl(GaN)2_id2497_Final_E-4.00.cif,LiAl(GaN)2,-4.0,0.0,Metal (Conductor),Metal,P1 (1),Unstable,1.5828,False,"AlN (0.33), LiGa (0.33), GaN (0.33)"
Na24B(PO)12_id885_Final_E-3.16.cif,Na24B(PO)12,-3.16,0.0,Metal (Conductor),Metal,I432 (211),Unstable,1.5906,False,"Na3BO3 (0.14), Na3P (0.18), NaP (0.31), Na3PO4 (0.37)"
KIn(SeO4)2_id2942_Final_E-4.11.cif,KIn(SeO4)2,-4.11,0.0,Metal (Conductor),Metal,P-1 (2),Unstable,1.5932,False,"K2SeO4 (0.29), In2(SeO4)3 (0.71)"
Mg3ZnN_id2288_Final_E-1.78.cif,Mg3ZnN,-1.78,0.0,Metal (Conductor),Metal,Pm-3m (221),Unstable,1.5982,False,"Mg21Zn25 (0.37), Mg149Zn (0.13), Mg3N2 (0.50)"
Ca2Si2C15_id2917_Final_E-6.57.cif,Ca2Si2C15,-6.57,0.0,Metal (Conductor),Metal,P1 (1),Unstable,1.6039,False,"CaSi (0.21), C (0.79)"
As4SO10_id1003_Final_E-4.86.cif,As4SO10,-4.86,0.0,Metal (Conductor),Metal,P1 (1),Unstable,1.6045,False,"As2SO6 (0.60), As2O3 (0.17), As2O5 (0.23)"
BaSeO4_id2687_Final_E-4.74.cif,BaSeO4,-4.74,0.0,Metal (Conductor),Metal,Pnnn (48),Unstable,1.6173,False,BaSeO4 (1.00)
KSO_id1294_Final_E-3.56.cif,KSO,-3.56,0.0,Metal (Conductor),Metal,P-3m1 (164),Unstable,1.6221,False,"K2S3 (0.42), K2SO4 (0.58)"
LiCaMg2S_id3024_Final_E-1.62.cif,LiCaMg2S,-1.62,0.0,Metal (Conductor),Metal,P4mm (99),Unstable,1.6247,False,"LiMg2 (0.60), CaS (0.40)"
BaLiGeO3_id2409_Final_E-4.78.cif,BaLiGeO3,-4.78,0.0,Metal (Conductor),Metal,P-6m2 (187),Unstable,1.6305,False,"Li4GeO4 (0.38), Ba2GeO4 (0.58), Ge (0.04)"
BaSc4O29_id683_Final_E-4.73.cif,BaSc4O29,-4.73,0.0,Metal (Conductor),Metal,P1 (1),Unstable,1.6537,False,"BaO10 (0.32), Sc2O3 (0.29), O2 (0.38)"
InO20_id2609_Final_E-3.42.cif,InO20,-3.42,0.0,Metal (Conductor),Metal,P1 (1),Unstable,1.6611,False,"In2O3 (0.12), O2 (0.88)"
KBeO2_id555_Final_E-4.20.cif,KBeO2,-4.2,0.0,Metal (Conductor),Metal,Fm-3m (225),Unstable,1.6856,False,"K2O2 (0.50), BeO (0.50)"
GeSe3O2_id686_Final_E-3.50.cif,GeSe3O2,-3.5,0.0,Metal (Conductor),Metal,Pmc2_1 (26),Unstable,1.7063,False,"Se (0.50), GeO2 (0.50)"
K9GeO13_id3158_Final_E-3.10.cif,K9GeO13,-3.1,0.0,Metal (Conductor),Metal,P1 (1),Unstable,1.7277,False,"K4GeO4 (0.39), K2O2 (0.09), KO2 (0.52)"
Ti3Be11ZnB6_id451_Final_E-3.76.cif,Ti3Be11ZnB6,-3.76,0.0,Metal (Conductor),Metal,Pm (6),Unstable,1.7475,False,"TiB2 (0.43), Zn (0.05), Be (0.52)"
Ba2S2N2O17_id2672_Final_E-4.75.cif,Ba2S2N2O17,-4.75,0.0,Metal (Conductor),Metal,P1 (1),Unstable,1.7744,False,"BaS4O13 (0.26), Ba(NO3)2 (0.39), BaSO4 (0.17), O2 (0.17)"
CaO6_id1740_Final_E-3.68_REFINED_Cm.cif,CaO6,-3.68,0.0,Metal (Conductor),Metal,Cm (8),Unstable,1.7933,False,"CaO2 (0.43), O2 (0.57)"
Li2Be3PN2_id226_Final_E-3.82.cif,Li2Be3PN2,-3.82,0.0,Metal (Conductor),Metal,P1 (1),Unstable,1.8211,False,"LiP (0.12), Li3P (0.25), Be3N2 (0.62)"
BaAs5O8_id2600_Final_E-4.68_REFINED_P2.cif,BaAs5O8,-4.68,0.0,Metal (Conductor),Metal,P2 (3),Unstable,1.8354,False,"Ba2As6O11 (0.68), As2O3 (0.30), As (0.02)"
LiSO11_id1792_Final_E-3.70_REFINED_P2.cif,LiSO11,-3.7,0.0,Metal (Conductor),Metal,P2 (3),Unstable,1.8386,False,"Li2S2O7 (0.42), O2 (0.58)"
Sc2Cd2Sn_id834_Final_E-2.28.cif,Sc2Cd2Sn,-2.28,0.0,Metal (Conductor),Metal,P4mm (99),Unstable,1.8521,False,"ScCd3 (0.53), Sc5Sn3 (0.15), Sc6Sn5 (0.31)"
BaO2_id1807_Final_E-4.22.cif,BaO2,-4.22,0.0,Metal (Conductor),Metal,P-6m2 (187),Unstable,1.8885,False,BaO2 (1.00)
NaLi8Cd2O3_id1175_Final_E-1.86.cif,NaLi8Cd2O3,-1.86,0.0,Metal (Conductor),Metal,Iba2 (45),Unstable,1.9144,False,"LiCd (0.29), Li2O (0.64), Na (0.07)"
K3Sr6Mg2O6_id3030_Final_E-2.99.cif,K3Sr6Mg2O6,-2.99,0.0,Metal (Conductor),Metal,P1 (1),Unstable,1.9179,False,"SrO (0.63), SrMg2 (0.12), K (0.18), MgO (0.08)"
P3NO5_id126_Final_E-5.56.cif,P3NO5,-5.56,0.0,Metal (Conductor),Metal,P1 (1),Unstable,1.9308,False,"PNO (0.33), P2O5 (0.62), P (0.04)"
AlNO_id3146_Final_E-6.00.cif,AlNO,-6.0,0.0,Metal (Conductor),Metal,Pca2_1 (29),Unstable,1.9324,False,"AlN (0.22), Al2O3 (0.56), N2 (0.22)"
Ge(B2N)2_id731_Final_E-5.75_REFINED_P-1.cif,Ge(B2N)2,-5.75,0.0,Metal (Conductor),Metal,P-1 (2),Unstable,1.9442,False,"BN (0.57), Ge (0.14), B (0.29)"
ScSi2_id782_Final_E-4.28.cif,ScSi2,-4.28,0.0,Metal (Conductor),Metal,Pn-3m (224),Unstable,1.982,False,"ScSi (0.67), Si (0.33)"
Ti3Zn5O2_id2831_Final_E-3.25.cif,Ti3Zn5O2,-3.25,0.0,Metal (Conductor),Metal,P1 (1),Unstable,1.9913,False,"Ti3Zn22 (0.38), TiZn3 (0.22), TiO (0.40)"
Li24Zn13Te12_id1453_Final_E-0.89.cif,Li24Zn13Te12,-0.89,0.0,Metal (Conductor),Metal,I23 (197),Unstable,2.0145,False,"Li2Te (0.73), Zn (0.27)"
Mg4AlInTe3_id1758_Final_E-1.19.cif,Mg4AlInTe3,-1.19,0.0,Metal (Conductor),Metal,P4mm (99),Unstable,2.0364,False,"MgTe (0.67), MgIn (0.22), Al (0.11)"
LiAs24_id263_Final_E-2.53.cif,LiAs24,-2.53,0.0,Metal (Conductor),Metal,P1 (1),Unstable,2.058,False,"LiAs (0.08), As (0.92)"
BaNa(SO45)2_id926_Final_E-3.08.cif,BaNa(SO45)2,-3.08,0.0,Metal (Conductor),Metal,P-3 (147),Unstable,2.0733,False,"Na2S2O7 (0.06), O2 (0.88), BaSO4 (0.06)"
Zn3CdGaO13_id19_Final_E-3.00.cif,Zn3CdGaO13,-3.0,0.0,Metal (Conductor),Metal,P1 (1),Unstable,2.0754,False,"ZnO (0.28), CdO (0.11), Zn(GaO2)2 (0.19), O2 (0.42)"
InSe(N2O5)2_id3075_Final_E-4.42.cif,InSe(N2O5)2,-4.42,0.0,Metal (Conductor),Metal,Pm (6),Unstable,2.1114,False,"In2Se2O7 (0.34), N2 (0.05), NO2 (0.61)"
NaPN2_id3352_Final_E-4.53.cif,NaPN2,-4.53,0.0,Metal (Conductor),Metal,I4_122 (98),Unstable,2.1359,False,NaPN2 (1.00)
Mg2Ti2CO2_id474_Final_E-5.30.cif,Mg2Ti2CO2,-5.3,0.0,Metal (Conductor),Metal,P1 (1),Unstable,2.1656,False,"Ti2C (0.43), MgO (0.57)"
KLiNO_id1464_Final_E-3.14.cif,KLiNO,-3.14,0.0,Metal (Conductor),Metal,P1 (1),Unstable,2.177,False,"K2O (0.38), Li2O (0.38), N2 (0.25)"
BaCa2(NO6)2_id1766_Final_E-4.25.cif,BaCa2(NO6)2,-4.25,0.0,Metal (Conductor),Metal,P1 (1),Unstable,2.1931,False,"CaO2 (0.35), Ba(NO3)2 (0.53), O2 (0.12)"
As2P4NO7_id42_Final_E-4.82_REFINED_P2_12_12_1.cif,As2P4NO7,-4.82,0.0,Metal (Conductor),Metal,P2_12_12_1 (19),Unstable,2.2424,False,"P2O5 (0.60), PNO (0.21), As (0.14), P (0.04)"
Li4TiTeSe_id2865_Final_E-2.03_REFINED_P2_c.cif,Li4TiTeSe,-2.03,0.0,Metal (Conductor),Metal,P2/c (13),Unstable,2.2497,False,"Li2Se (0.43), Li2Te (0.43), Ti (0.14)"
Ti7GaO6_id1510_Final_E-6.59.cif,Ti7GaO6,-6.59,0.0,Metal (Conductor),Metal,P1 (1),Unstable,2.2545,False,"TiGa (0.14), TiO (0.86)"
BaSr2NO2_id1642_Final_E-3.86.cif,BaSr2NO2,-3.86,0.0,Metal (Conductor),Metal,P1 (1),Unstable,2.3262,False,"Ba2N (0.17), BaN2 (0.17), SrO (0.67)"
TiB5C14N_id3134_Final_E-6.49.cif,TiB5C14N,-6.49,0.0,Metal (Conductor),Metal,P2_12_12_1 (19),Unstable,2.3277,False,"B4C (0.12), TiB2 (0.14), BN (0.10), C (0.64)"
Cd6Ga2(GeN2)3_id2272_Final_E-2.35.cif,Cd6Ga2(GeN2)3,-2.35,0.0,Metal (Conductor),Metal,P1 (1),Unstable,2.3467,False,"Cd (0.35), GaN (0.24), Ge3N4 (0.41)"
As5Se2_id974_Final_E-2.17.cif,As5Se2,-2.17,0.0,Metal (Conductor),Metal,I4_1/amd (141),Unstable,2.3479,False,"As2Se3 (0.48), As (0.52)"
Ba2Sn(NO)2_id2613_Final_E-4.24_REFINED_Pc.cif,Ba2Sn(NO)2,-4.24,0.0,Metal (Conductor),Metal,Pc (7),Unstable,2.3619,False,"Ba2SnO4 (0.50), BaN2 (0.43), Sn (0.07)"
KO4_id1655_Final_E-2.37.cif,KO4,-2.37,0.0,Metal (Conductor),Metal,P4_2/mbc (135),Unstable,2.4028,False,"KO2 (0.60), O2 (0.40)"
Ca4C7N3_id2002_Final_E-5.08_REFINED_Cm.cif,Ca4C7N3,-5.08,0.0,Metal (Conductor),Metal,Cm (8),Unstable,2.4108,False,"Ca2N (0.36), CaCN2 (0.19), C (0.45)"
Ba2LiS2O3_id3099_Final_E-3.62.cif,Ba2LiS2O3,-3.62,0.0,Metal (Conductor),Metal,P6_222 (180),Unstable,2.4445,False,"BaS (0.34), Li2O (0.19), BaSO4 (0.47)"
NaAl(C3O2)2_id2570_Final_E-5.63.cif,NaAl(C3O2)2,-5.63,0.0,Metal (Conductor),Metal,Cmmm (65),Unstable,2.5101,False,"CO2 (0.12), Na2CO3 (0.25), Al2O3 (0.21), C (0.42)"
CaSiO5_id1863_Final_E-4.47.cif,CaSiO5,-4.47,0.0,Metal (Conductor),Metal,Pm (6),Unstable,2.5887,False,"CaSiO3 (0.71), O2 (0.29)"
KTe2(NO2)4_id3185_Final_E-3.86.cif,KTe2(NO2)4,-3.86,0.0,Metal (Conductor),Metal,P1 (1),Unstable,2.6372,False,"KNO3 (0.33), TeO2 (0.40), N2 (0.17), NO2 (0.10)"
LiBO_id2740_Final_E-3.86.cif,LiBO,-3.86,0.0,Metal (Conductor),Metal,P4_2/mmc (131),Unstable,2.6556,False,"LiB3 (0.10), B6O (0.18), Li3BO3 (0.72)"
LiTi2(GaO5)2_id2181_Final_E-4.64.cif,LiTi2(GaO5)2,-4.64,0.0,Metal (Conductor),Metal,C222_1 (20),Unstable,2.6596,False,"LiGa5O8 (0.31), LiO8 (0.20), LiGaO2 (0.09), TiO2 (0.40)"
Sc4Ti3Zn8Ga3_id1825_Final_E-1.45.cif,Sc4Ti3Zn8Ga3,-1.45,0.0,Metal (Conductor),Metal,I-43d (220),Unstable,2.7259,False,"ScZn2 (0.67), TiGa (0.33)"
LiTi2(BeIn2)2_id1262_Final_E-1.45.cif,LiTi2(BeIn2)2,-1.45,0.0,Metal (Conductor),Metal,P1 (1),Unstable,2.7339,False,"LiIn3 (0.27), Ti2Be17 (0.25), TiIn (0.39), LiIn (0.08)"
Zn3In2(GaO2)2_id589_Final_E-1.79_REFINED_Pm.cif,Zn3In2(GaO2)2,-1.79,0.0,Metal (Conductor),Metal,Pm (6),Unstable,2.789,False,"Zn(GaO2)2 (0.64), Zn (0.18), In (0.18)"
MgP_id2518_Final_E-1.24.cif,MgP,-1.24,0.0,Metal (Conductor),Metal,P4/mmm (123),Unstable,2.8433,False,"MgP4 (0.25), Mg3P2 (0.75)"
Li6MgNO16_id1659_Final_E-2.57.cif,Li6MgNO16,-2.57,0.0,Metal (Conductor),Metal,Pmn2_1 (31),Unstable,2.8735,False,"LiO8 (0.37), Li2O2 (0.33), LiNO3 (0.21), MgO (0.08)"
Li3Si2_id2081_Final_E-0.65.cif,Li3Si2,-0.65,0.0,Metal (Conductor),Metal,P1 (1),Unstable,2.8747,False,"Li7Si3 (0.86), Si (0.14)"
NO42_id2043_Final_E-2.17.cif,NO42,-2.17,0.0,Metal (Conductor),Metal,P1 (1),Unstable,2.9092,False,"NO3 (0.09), O2 (0.91)"
Sr2N8O17_id1446_Final_E-4.03.cif,Sr2N8O17,-4.03,0.0,Metal (Conductor),Metal,P1 (1),Unstable,2.9193,False,"NO2 (0.28), Sr(NO3)2 (0.67), N2 (0.06)"
BaN20_id2964_Final_E-5.21.cif,BaN20,-5.21,0.0,Metal (Conductor),Metal,Pm (6),Unstable,2.9285,False,"BaN2 (0.14), N2 (0.86)"
BeBO2_id1673_Final_E-4.86.cif,BeBO2,-4.86,0.0,Metal (Conductor),Metal,P6_222 (180),Unstable,2.9512,False,"B6O (0.11), B2O3 (0.39), BeO (0.50)"
Ge2N5O11_id953_Final_E-3.99_REFINED_P-4c2.cif,Ge2N5O11,-3.99,0.0,Metal (Conductor),Metal,P-4c2 (116),Unstable,2.9558,False,"NO2 (0.58), N2 (0.08), GeO2 (0.33)"
LiMg4(ScAl)2_id237_Final_E-0.38.cif,LiMg4(ScAl)2,-0.38,0.0,Metal (Conductor),Metal,P1 (1),Unstable,3.0065,False,"LiMg2 (0.33), LiMg149 (0.23), ScAl (0.44)"
KSO40_id1698_Final_E-2.10.cif,KSO40,-2.1,0.0,Metal (Conductor),Metal,P1 (1),Unstable,3.0148,False,"K2S2O7 (0.13), O2 (0.87)"
BaInO24_id1410_Final_E-2.13.cif,BaInO24,-2.13,0.0,Metal (Conductor),Metal,P1 (1),Unstable,3.0635,False,"BaO10 (0.42), In2O3 (0.10), O2 (0.48)"
Ba7Ca2N20_id1129_Final_E-3.81.cif,Ba7Ca2N20,-3.81,0.0,Metal (Conductor),Metal,P1 (1),Unstable,3.2396,False,"BaN2 (0.72), CaN2 (0.21), N2 (0.07)"
CaCNO6_id1398_Final_E-3.99.cif,CaCNO6,-3.99,0.0,Metal (Conductor),Metal,P1 (1),Unstable,3.2862,False,"CaCO3 (0.28), Ca(NO3)2 (0.50), CO2 (0.17), O2 (0.06)"
Sr2Cd(As3P)6_id2807_Final_E-1.33_REFINED_P31m.cif,Sr2Cd(As3P)6,-1.33,0.0,Metal (Conductor),Metal,P31m (157),Unstable,3.3413,False,"Sr3P14 (0.19), SrP3 (0.09), Sr(CdAs)2 (0.09), As (0.63)"
TiO19_id2278_Final_E-2.05.cif,TiO19,-2.05,0.0,Metal (Conductor),Metal,Pm (6),Unstable,3.5706,False,"TiO2 (0.15), O2 (0.85)"
TeSeO2_id1605_Final_E-1.61.cif,TeSeO2,-1.61,0.0,Metal (Conductor),Metal,Fd-3m (227),Unstable,3.6516,False,"TeSeO4 (0.50), TeSe2 (0.25), TeO2 (0.25)"
TiPO8_id3377_Final_E-3.48.cif,TiPO8,-3.48,0.0,Metal (Conductor),Metal,P1 (1),Unstable,3.8171,False,"Ti5(PO5)4 (0.48), TiP2O7 (0.17), O2 (0.35)"
KC14_id1243_Final_E-4.81.cif,KC14,-4.81,0.0,Metal (Conductor),Metal,P1 (1),Unstable,3.8957,False,"KC8 (0.60), C (0.40)"
CN3_id3265_Final_E-4.57.cif,CN3,-4.57,0.0,Metal (Conductor),Metal,Fm-3m (225),Unstable,3.9895,False,"N2 (0.75), C (0.25)"
SrTiC2_id2125_Final_E-3.42.cif,SrTiC2,-3.42,0.0,Metal (Conductor),Metal,I4_1/amd (141),Unstable,4.0073,False,"TiC (0.50), Sr (0.21), SrC6 (0.29)"
Mg3Sn2(SO2)2_id506_Final_E-1.84.cif,Mg3Sn2(SO2)2,-1.84,0.0,Metal (Conductor),Metal,P-42_1m (113),Unstable,4.0593,False,"SnS (0.18), SnS2 (0.14), Mg2SnO4 (0.32), MgO (0.36)"
TiO2_id269_Final_E-5.30.cif,TiO2,-5.3,0.0,Metal (Conductor),Metal,Pm (6),Unstable,4.1321,False,TiO2 (1.00)
AsO_id2668_Final_E-1.99.cif,AsO,-1.99,0.0,Metal (Conductor),Metal,P4_32_12 (96),Unstable,4.1711,False,"As2O3 (0.83), As (0.17)"
MgZn4GaO8_id2402_Final_E-1.18.cif,MgZn4GaO8,-1.18,0.0,Metal (Conductor),Metal,Pmmn (59),Unstable,4.2138,False,"Zn(GaO2)2 (0.25), ZnO (0.50), O2 (0.11), MgO (0.14)"
Ba4O9_id2120_Final_E-1.45_REFINED_C2_c.cif,Ba4O9,-1.45,0.0,Metal (Conductor),Metal,C2/c (15),Unstable,4.5702,False,"BaO10 (0.11), BaO2 (0.89)"
BaB2N12O23_id531_Final_E-2.29.cif,BaB2N12O23,-2.29,0.0,Metal (Conductor),Metal,P1 (1),Unstable,4.8636,False,"Ba(NO3)2 (0.24), B2O3 (0.13), N2 (0.08), NO2 (0.55)"
Sr3B(NO)18_id955_Final_E-2.19.cif,Sr3B(NO)18,-2.19,0.0,Metal (Conductor),Metal,Pm (6),Unstable,5.2733,False,"Sr(BO2)2 (0.01), Sr4B14O25 (0.07), Sr(NO3)2 (0.61), N2 (0.32)"
Ti2O5_id1633_Final_E-3.27.cif,Ti2O5,-3.27,0.0,Metal (Conductor),Metal,Cm (8),Unstable,5.5215,False,"TiO2 (0.86), O2 (0.14)"
CNO_id634_Final_E-2.67.cif,CNO,-2.67,0.0,Metal (Conductor),Metal,P-6m2 (187),Unstable,5.7191,False,"CO2 (0.50), C (0.17), N2 (0.33)"
B8C13_id1028_Final_E-2.41.cif,B8C13,-2.41,0.0,Metal (Conductor),Metal,P1 (1),Unstable,5.8953,False,"B4C (0.48), C (0.52)"
Sc9(SO32)2_id3272_Final_E-0.55.cif,Sc9(SO32)2,-0.55,0.0,Metal (Conductor),Metal,P31m (157),Unstable,5.9465,False,"Sc2O3 (0.26), Sc2(SO4)3 (0.15), O2 (0.59)"
Sc3Ti9O11_id499_Final_E-3.10.cif,Sc3Ti9O11,-3.1,0.0,Metal (Conductor),Metal,P1 (1),Unstable,6.1513,False,"TiO (0.35), Ti2O (0.33), Sc2O3 (0.33)"
BaAs6_id1686_Final_E-4.75.cif,BaAs6,-4.75,0.0,Metal (Conductor),Metal,P1 (1),Unstable,999.9,False,"Ba3As14 (0.81), As (0.19)"
CaN30_id761_Final_E-8.25.cif,CaN30,-8.25,0.0,Metal (Conductor),Metal,R-3 (148),Unstable,999.9,False,"CaN2 (0.10), N2 (0.90)"
K3Na5CaSe6_id2554_Final_E-3.65.cif,K3Na5CaSe6,-3.65,0.0,Metal (Conductor),Metal,P1 (1),Unstable,999.9,False,"KSe (0.27), Na2Se (0.40), KNaSe (0.20), CaSe (0.13)"
K4Te_id1455_Final_E-2.27.cif,K4Te,-2.27,0.0,Metal (Conductor),Metal,P-1 (2),Unstable,999.9,False,"K2Te (0.60), K (0.40)"
KCd(Te2Se)2_id1806_Final_E-3.34.cif,KCd(Te2Se)2,-3.34,0.0,Metal (Conductor),Metal,P1 (1),Unstable,999.9,False,"TeSe2 (0.19), K2Te3 (0.31), CdTe (0.25), TeSe (0.25)"
KInSbSe8_id1343_Final_E-3.98.cif,KInSbSe8,-3.98,0.0,Metal (Conductor),Metal,Pmmm (47),Unstable,999.9,False,"KSe3 (0.36), In2Se3 (0.23), Se (0.18), Sb2Se3 (0.23)"
LiZn4_id1101_Final_E-1.56.cif,LiZn4,-1.56,0.0,Metal (Conductor),Metal,P4_2/nmc (137),Unstable,999.9,False,"LiZn3 (0.80), Zn (0.20)"
MgZnGa2S13_id1157_Final_E-4.36_REFINED_P2_1.cif,MgZnGa2S13,-4.36,0.0,Metal (Conductor),Metal,P2_1 (4),Unstable,999.9,False,"Zn(GaS2)2 (0.41), S (0.41), MgS2 (0.18)"
NaIn5_id3062_Final_E-2.61.cif,NaIn5,-2.61,0.0,Metal (Conductor),Metal,I4/mmm (139),Unstable,999.9,False,"NaIn3 (0.67), In (0.33)"
Na4SrLiIn_id1271_Final_E-2.03.cif,Na4SrLiIn,-2.03,0.0,Metal (Conductor),Metal,I-4m2 (119),Unstable,999.9,False,"Li13In3 (0.18), Sr28In11 (0.08), SrIn (0.18), Na (0.57)"
SbAs3_id917_Final_E-4.93_REFINED_C2.cif,SbAs3,-4.93,0.0,Metal (Conductor),Metal,C2 (5),Unstable,999.9,False,"SbAs (0.50), As (0.50)"
SbS4_id3149_Final_E-4.62.cif,SbS4,-4.62,0.0,Metal (Conductor),Metal,I4_1/a (88),Unstable,999.9,False,"Sb2S3 (0.50), S (0.50)"
Sc3GeN_id866_Final_E-7.75.cif,Sc3GeN,-7.75,0.0,Metal (Conductor),Metal,Pm-3m (221),Unstable,999.9,False,"Sc39N34 (0.43), Sc5Ge3 (0.53), Sc (0.04)"
TeS_id869_Final_E-3.73.cif,TeS,-3.73,0.0,Metal (Conductor),Metal,P4/m (83),Unstable,999.9,False,"S (0.50), Te (0.50)"
Zn2Cd5Ga2_id1812_Final_E-1.47_REFINED_C2_c.cif,Zn2Cd5Ga2,-1.47,0.0,Metal (Conductor),Metal,C2/c (15),Unstable,999.9,False,"Zn (0.22), Cd (0.56), Ga (0.22)"
Zn4Ga_id3155_Final_E-1.80.cif,Zn4Ga,-1.8,0.0,Metal (Conductor),Metal,P4_2/nmc (137),Unstable,999.9,False,"Ga (0.20), Zn (0.80)"
